[
    {
        "query": "通过恒化连续培养控制微生物的生长",
        "response": "answer: 恒化连续培养是一种通过连续添加新鲜培养基并同时移除等量旧培养基来维持微生物群体稳定生长的培养方法。\npre_knowledge:\n微生物学\n细胞培养技术\n生物化学反应动力学\n连续流培养系统"
    },
    {
        "query": "如何在工业发酵过程中优化微生物的生长和代谢产物的产量？",
        "response": "answer: 在工业发酵过程中，可以通过以下方式优化微生物的生长和代谢产物的产量：\n1. 调整培养基成分：确保提供微生物生长所需的所有营养物质，包括碳源、氮源、矿物质、维生素和生长因子。\n2. 控制发酵条件：维持适宜的温度、pH值、溶解氧水平和搅拌速度，以促进微生物的活性和代谢效率。\n3. 选择高效菌株：通过遗传工程或自然筛选获得具有高产率和抗性的菌株。\n4. 实施连续或分批培养策略：根据生产需求调整发酵策略，如连续发酵可保持微生物的生长活力，而分批发酵则便于控制产物积累。\n5. 监控和反馈控制：实时监测发酵过程中的关键参数，如生物量、产物浓度等，根据需要进行调整。\n\npre_knowledge:\n微生物学\n发酵工程\n代谢途径\n生物化学\n环境控制\n菌株筛选与改良"
    },
    {
        "query": "在土壤微生物生态系统中，如何通过调控环境因素和微生物互作来改善农作物的生长？",
        "response": "answer: 通过调控土壤微生物生态环境，如pH值、湿度、温度和养分含量，以及引入有益微生物，可以促进农作物生长。例如，某些微生物能固氮、分解有机物，提高土壤肥力；另外，有益微生物还能抑制病原菌，减少作物病害。\npre_knowledge:\n微生物生态学\n土壤pH值\n土壤湿度\n土壤温度\n养分管理\n有益微生物\n微生物与植物互作\n植物病害控制"
    },
    {
        "query": "如何通过调控微生物遗传变异和环境因素来提高工业酶的产量？",
        "response": "answer: 通过优化微生物的遗传组成，如通过基因工程引入或增强相关酶的编码基因，以及调整培养条件如温度、pH值、营养成分等环境因素，可以提高工业酶的产量。\npre_knowledge:\n微生物遗传学\n基因工程\n环境因素对微生物生长的影响\n工业酶生产技术\n微生物代谢调控"
    },
    {
        "query": "如何通过调控微生物的夸克效应和藻蓝蛋白合成途径来提高光生物反应器的效率？",
        "response": "answer: 通过优化微生物的夸克效应，可以增强它们吸收和转化光能的能力，从而提高光生物反应器的光捕获效率。同时，通过遗传工程手段增强或调节藻蓝蛋白的合成，可以改善光合作用的效率，因为藻蓝蛋白在光合过程中起到捕光色素的作用。这两者的结合可以使得微生物更有效地利用光能并转化为生物质或生物燃料。\npre_knowledge:\n微生物生理学\n光合作用\n夸克效应\n藻蓝蛋白\n遗传工程\n光生物反应器"
    },
    {
        "query": "如何通过调控微生物的激素模拟物和异化固氮途径来增强植物根际的养分吸收？",
        "response": "answer: 通过调控微生物的激素模拟物和异化固氮途径，可以促进植物根际的微生物活动，从而增强养分吸收。激素模拟物能够刺激微生物的生长和代谢，提高其对植物有益的活性。异化固氮途径的激活则可以使某些微生物将大气中的氮气转化为植物可利用的氨，增加土壤中的氮素供应。\npre_knowledge:\n微生物生理学\n植物营养学\n激素生物学\n固氮作用"
    },
    {
        "query": "如何通过调控微生物的质粒稳定性和聚β-羟基丁酸（PHB）合成途径来优化生物塑料的生产？",
        "response": "answer: 通过调控微生物的质粒稳定性和优化聚β-羟基丁酸（PHB）合成途径，可以提高生物塑料的产量和质量。这通常包括选择或改造携带PHB合成基因的工程菌株，确保质粒在细胞中的稳定表达，以及调整培养条件以促进底物向PHB的转化。\npre_knowledge:\n微生物遗传工程\n质粒稳定性\n代谢工程\n聚β-羟基丁酸（PHB）合成途径\n生物塑料生产\n基因表达调控"
    },
    {
        "query": "环境因素对微生物生长的影响有哪些？",
        "response": "answer: 环境因素对微生物生长的影响包括温度、湿度、pH值、氧气水平、营养物质的可用性、光照和压力等。\npre_knowledge:\n微生物学\n环境科学\n生物化学\n细胞生物学"
    },
    {
        "query": "微生物的突变如何影响其遗传变异？",
        "response": "answer: 微生物的突变可以导致其遗传信息发生改变，从而影响其表型特征，如抗药性、代谢能力或生存环境适应性等。这些变化可能对微生物的进化和生存策略产生重要影响。\npre_knowledge:\n遗传学\n微生物学\n突变\n进化生物学"
    },
    {
        "query": "微生物在自然界物质循环中的作用是什么？",
        "response": "answer: 微生物在自然界物质循环中起到分解和转化物质的关键作用，它们参与碳循环、氮循环、硫循环和磷循环等过程，帮助维持生态系统的平衡。\npre_knowledge:\n微生物的分解作用\n碳循环\n氮循环\n硫循环\n磷循环\n生态系统平衡"
    },
    {
        "query": "微生物的基因重组有哪几种方式？",
        "response": "answer: 微生物的基因重组主要有三种方式：转化、转导和接合。\npre_knowledge:\n微生物学\n基因重组\n转化\n转导\n接合"
    },
    {
        "query": "什么是质粒？",
        "response": "answer: 质粒是存在于细菌和某些真核生物细胞中的小型环状DNA分子，它们独立于染色体之外，可以编码一些特定的功能，如抗药性或代谢途径。\npre_knowledge:\n- 细菌\n- 真核生物\n- DNA\n- 染色体\n- 基因编码"
    },
    {
        "query": "微生物的基因突变有哪些类型？",
        "response": "answer: 微生物的基因突变主要有三种类型：点突变、插入突变和缺失突变。\npre_knowledge:\n微生物学\n基因突变\n点突变\n插入突变\n缺失突变"
    },
    {
        "query": "延迟期的特征是什么？",
        "response": "answer: 延迟期是儿童发展的一个阶段，在这个阶段，孩子可能会暂时停止说话或语言发展减缓，但之后会恢复正常发展。\npre_knowledge:\n儿童发展\n语言发展\n心理发展阶段"
    },
    {
        "query": "硝化作用的生态意义是什么？",
        "response": "answer: 硝化作用是生态系统中氨转化为亚硝酸盐和硝酸盐的过程，这对氮循环至关重要，因为它将无用或有害的氨转化为植物可吸收的形式，支持了生物生长和营养物质的传递。\npre_knowledge:\n氮循环\n微生物的作用\n氨的毒性\n植物营养"
    },
    {
        "query": "微生物在碳素循环中的作用是什么？",
        "response": "answer: 微生物在碳素循环中起到分解和转化碳化合物的作用，通过呼吸作用将有机碳转化为二氧化碳，释放到大气中，同时也参与合成有机物，将无机碳固定为生物可利用的形式。\npre_knowledge:\n碳素循环\n微生物生态\n呼吸作用\n有机物与无机物转化"
    },
    {
        "query": "微生物的生长曲线包括哪些阶段？",
        "response": "answer: 微生物的生长曲线通常包括四个阶段：延迟期、对数期、稳定期和衰亡期。\npre_knowledge:\n微生物学\n细胞生长\n生物动力学"
    },
    {
        "query": "微生物的生长速率如何测定？",
        "response": "answer: 微生物的生长速率通常通过测量其细胞数量随时间的变化来测定，这可以通过显微镜计数、比浊法、或者利用生物化学反应的速率来实现。\npre_knowledge:\n微生物学\n细胞计数技术\n比浊法\n生物化学反应"
    },
    {
        "query": "微生物的遗传物质主要有哪些形式？",
        "response": "answer: 微生物的遗传物质主要以DNA（脱氧核糖核酸）的形式存在，有些病毒则以RNA（核糖核酸）作为遗传物质。\npre_knowledge:\nDNA（脱氧核糖核酸）\nRNA（核糖核酸）\n微生物学\n病毒学"
    },
    {
        "query": "微生物在氮循环中的作用是什么？",
        "response": "answer: 微生物在氮循环中起到关键作用，包括固氮、硝化、反硝化和脱氨等过程，将氮气转化为可被植物吸收的形式，同时也参与氮的再利用和排放。\npre_knowledge:\n氮循环\n固氮作用\n硝化作用\n反硝化作用\n微生物生态学"
    },
    {
        "query": "根际微生物对植物的生长有何影响？",
        "response": "answer: 根际微生物可以促进植物生长，通过固氮、分泌植物激素、分解土壤有机物为植物提供营养、以及帮助植物抵抗病虫害。\npre_knowledge:\n微生物生态\n植物营养\n固氮作用\n土壤生物学\n植物-微生物相互作用"
    },
    {
        "query": "微生物在食品保存中的作用是什么？",
        "response": "answer: 微生物在食品保存中的作用主要是通过发酵和抑制有害菌生长来延长食品的保质期。\npre_knowledge:\n微生物发酵\n食品保存技术\n细菌与食品的关系\n食品中的有益菌和有害菌"
    },
    {
        "query": "微生物的同步培养技术是什么？",
        "response": "answer: 微生物的同步培养技术是指在实验室条件下，通过特定方法使微生物群体处于同一生长阶段，例如同步生长曲线的某个点，以便于研究其生理、代谢或遗传特性。\npre_knowledge:\n微生物生长曲线\n细胞周期\n实验室培养技术"
    },
    {
        "query": "土壤微生物对植物生长的作用是什么？",
        "response": "answer: 土壤微生物能分解有机物质，释放植物所需的营养元素；它们还能固氮、促进矿物质的溶解，有助于植物吸收；此外，某些微生物还能产生刺激植物生长的激素，抑制病原菌，增强植物抗病性。\npre_knowledge:\n微生物学\n土壤生态学\n植物营养\n微生物固氮\n植物生理学"
    },
    {
        "query": "基因重组对微生物有何影响？",
        "response": "answer: 基因重组可以导致微生物产生新的遗传特性，如抗药性、毒力变化或代谢能力的增强，也可能影响其生存和适应环境的能力。\npre_knowledge:\n微生物学\n遗传学\n基因重组机制"
    },
    {
        "query": "什么是原核微生物？",
        "response": "answer: 原核微生物是指没有细胞核和其他膜限定细胞器的单细胞微生物，包括细菌和古菌。\npre_knowledge:\n微生物学\n细胞结构\n细菌\n古菌"
    },
    {
        "query": "细菌的形态有哪些？",
        "response": "answer: 细菌的主要形态包括球形（cocci）、杆状（bacilli）、螺旋状（spirilla）和丝状（filamentous）。\npre_knowledge:\n细胞生物学\n微生物学\n细菌形态学"
    },
    {
        "query": "细菌的细胞结构有哪些？",
        "response": "answer: 细菌的细胞结构包括细胞壁、细胞膜、细胞质、核糖体、拟核和一些附属结构，如鞭毛、荚膜和芽孢等。\npre_knowledge:\n细胞生物学\n微生物学\n细菌结构"
    },
    {
        "query": "细菌细胞壁有哪些种类？",
        "response": "answer: 细菌细胞壁主要有两种类型：革兰氏阳性菌细胞壁和革兰氏阴性菌细胞壁。\npre_knowledge:\n微生物学\n细胞结构\n细菌分类\n革兰氏染色法"
    },
    {
        "query": "细菌细胞壁的功能是什么？",
        "response": "answer: 细菌细胞壁的主要功能是维持细胞形态，保护细胞免受环境压力，如渗透压，同时还参与物质交换和免疫识别。\npre_knowledge:\n细胞生物学\n微生物学\n分子生物学"
    },
    {
        "query": "细胞膜结构是什么样的？",
        "response": "answer: 细胞膜主要由脂质双层构成，其中嵌入了蛋白质分子，并且在某些区域可能含有胆固醇来增加稳定性。膜的外表面和内表面都有一些糖类分子，形成糖蛋白和糖脂，参与细胞识别和信号传递。\npre_knowledge:\n脂质双层\n蛋白质分子\n胆固醇\n细胞识别\n信号传递"
    },
    {
        "query": "细胞膜的生理功能有哪些？",
        "response": "answer: 细胞膜的主要生理功能包括控制物质进出细胞、维持细胞内外环境的稳定、提供细胞识别和信号转导的位点以及参与细胞间的连接和通信。\npre_knowledge:\n细胞生物学\n生物化学\n分子生物学"
    },
    {
        "query": "细胞质的主要成分是什么？",
        "response": "answer: 细胞质的主要成分是水和蛋白质，还包括各种细胞器如线粒体、高尔基体等。\npre_knowledge:\n生物学\n细胞结构\n化学物质（水、蛋白质）"
    },
    {
        "query": "质粒按相对分子质量如何分类？",
        "response": "answer: 质粒根据其相对分子质量可以分为小质粒、中等质粒和大质粒。\npre_knowledge:\n生物学\n分子生物学\n质粒\n相对分子质量"
    },
    {
        "query": "质粒按复制性质如何进行分类？",
        "response": "answer: 质粒根据复制性质可以分为单拷贝质粒和多拷贝质粒。\npre_knowledge:\n分子生物学\n质粒\nDNA复制"
    },
    {
        "query": "质粒按照功能如何进行分类？",
        "response": "answer: 质粒可以根据其功能分为几个主要类别：编码抗生素抗性基因的质粒、编码代谢途径相关基因的质粒、编码毒素或致病性因子的质粒、以及参与宿主细胞间转移的 conjugative 质粒。\npre_knowledge:\n- 抗生素抗性基因\n- 代谢途径\n- 毒素\n- 致病性因子\n- 宿主细胞间转移\n- conjugative 质粒"
    },
    {
        "query": "糖被的功能是什么？",
        "response": "answer: 糖被是细胞表面的多糖分子，它们参与细胞识别、细胞间通讯和免疫反应。\npre_knowledge:\n细胞识别\n细胞间通讯\n免疫反应\n分子生物学"
    },
    {
        "query": "芽孢形成的阶段有哪些？",
        "response": "answer: 芽孢形成的阶段包括：初期生长、芽孢前体形成、芽孢核心形成、芽孢壁形成和成熟阶段。\npre_knowledge:\n细菌生长\n细胞分化\n微生物学"
    },
    {
        "query": "芽孢的核心是什么？",
        "response": "answer: 芽孢的核心是孢子细胞。\npre_knowledge:\n细胞生物学\n微生物学\n细菌学"
    },
    {
        "query": "什么是伴孢晶体？",
        "response": "answer: 伴孢晶体是某些昆虫卵壳内含有的微小晶体，主要由蛋白质组成，具有防御天敌的作用。\npre_knowledge:\n昆虫学\n生物学\n细胞学\n蛋白质"
    },
    {
        "query": "产芽孢的细菌有哪些？",
        "response": "answer: 产芽孢的细菌主要包括芽孢杆菌属（Bacillus）和梭菌属（Clostridium）等。\npre_knowledge:\n细菌学\n微生物分类\n芽孢形成"
    },
    {
        "query": "什么是细菌的裂殖？",
        "response": "answer: 细菌的裂殖是一种无性繁殖方式，其中单个细菌细胞会分裂成两个相同的新细胞。\npre_knowledge:\n细胞分裂\n无性繁殖\n微生物学"
    },
    {
        "query": "什么是菌落？",
        "response": "answer: 菌落是由一个或多个同种微生物在适宜的培养基上生长繁殖形成的肉眼可见的集合体。\npre_knowledge:\n微生物\n培养基\n生长繁殖"
    },
    {
        "query": "放线菌的形态结构是什么？",
        "response": "answer: 放线菌是一类单细胞微生物，通常呈分枝丝状体，没有明显的细胞核，属于原核生物。\npre_knowledge:\n细胞生物学\n微生物学\n原核生物"
    },
    {
        "query": "放线菌的菌落特点是什么样的？",
        "response": "answer: 放线菌的菌落通常呈丝状，颜色丰富多样，有的呈白色、黄色、红色或褐色，表面干燥，质地较硬，有时会有粉末状的孢子形成。\npre_knowledge:\n微生物学\n细菌学\n放线菌形态特征"
    },
    {
        "query": "酵母菌的细胞结构是什么样的？",
        "response": "answer: 酵母菌是单细胞真核生物，具有细胞壁、细胞膜、细胞质、线粒体、液泡、核仁明显的细胞核以及多种细胞器。\npre_knowledge:\n细胞生物学\n真核生物\n酵母菌"
    },
    {
        "query": "什么是微生物？",
        "response": "answer: 微生物是一类非常小的生物，包括细菌、病毒、真菌、原生动物和一些微小的藻类。\npre_knowledge:\n细胞生物学\n微生物分类\n病毒学\n真菌学\n细菌学"
    },
    {
        "query": "霉菌的细胞结构是什么？",
        "response": "answer: 霉菌的细胞结构包括细胞壁、细胞膜、细胞质、线粒体、内质网、高尔基体、液泡和核等基本部分，它们通常是多细胞的真核生物，通过菌丝来生长和繁殖。\npre_knowledge:\n细胞壁\n细胞膜\n细胞质\n线粒体\n内质网\n高尔基体\n液泡\n真核生物\n菌丝"
    },
    {
        "query": "真核微生物和原核微生物细胞壁的差异",
        "response": "answer: 真核微生物的细胞壁主要由纤维素或几丁质构成，而原核微生物的细胞壁则主要由肽聚糖组成。\npre_knowledge:\n真核微生物\n原核微生物\n细胞壁成分\n纤维素\n几丁质\n肽聚糖"
    },
    {
        "query": "真核微生物和原核微生物鞭毛的差异",
        "response": "answer: 真核微生物的鞭毛是由多个蛋白质构成的复杂结构，通过细胞内的微管系统和马达蛋白驱动旋转，而原核微生物的鞭毛则是由单一的蛋白质亚基重复排列形成，直接附着在细胞膜上并通过离子流驱动旋转。\npre_knowledge:\n真核微生物\n原核微生物\n鞭毛结构\n细胞内的微管系统\n马达蛋白\n离子流驱动"
    },
    {
        "query": "什么是病毒？",
        "response": "answer: 病毒是一种非细胞生物，它们不能独立生存，必须寄生在宿主细胞内才能复制和传播。它们由遗传物质（DNA或RNA）和蛋白质外壳组成，可以引起各种疾病。\npre_knowledge:\n细胞生物学\n遗传学\n微生物学"
    },
    {
        "query": "病毒的主要特点?",
        "response": "answer: 病毒是非细胞生物，只能在宿主细胞内复制生存，靠感染细胞来传播遗传物质。\npre_knowledge:\n非细胞生物\n宿主细胞\n遗传物质复制"
    },
    {
        "query": "病毒分多少个目？",
        "response": "answer: 病毒分类目前主要依据ICTV（国际病毒分类委员会）的系统，它们被分为多个科，但“目”这一级别在病毒分类中并不常用。通常，病毒会被分类为家族、属、种等类别。\npre_knowledge:\n病毒分类\nICTV（国际病毒分类委员会）\n科\n属\n种"
    },
    {
        "query": "病毒分多少各科？",
        "response": "answer: 病毒分类主要依据遗传物质类型和结构，目前被国际病毒分类委员会接受的主要有8个科。\npre_knowledge:\n病毒分类\n国际病毒分类委员会\n遗传物质类型\n病毒结构"
    },
    {
        "query": "病毒分多少个亚科？",
        "response": "answer: 病毒的分类并不像细菌或动物那样有明确的亚科级别，但它们可以被分为多个科、属和种。具体到亚科，这取决于病毒的种类和分类系统，不同的病毒可能会有不同的亚科划分。\npre_knowledge:\n病毒分类\n生物学\n微生物学\n分类学"
    },
    {
        "query": "病毒分多少个属？",
        "response": "answer: 病毒的分类没有明确的“属”级别，但它们被分类为不同的科、目、纲、域等。通常，病毒被分为多个科，例如疱疹病毒科、逆转录病毒科、副粘病毒科等。\npre_knowledge:\n病毒分类\n生物学分类系统\n微生物学"
    },
    {
        "query": "病毒分多少种",
        "response": "answer: 病毒的种类非常多，无法给出一个具体的数字，因为新的病毒株不断被发现。它们可以根据遗传物质（DNA或RNA）、结构、感染的宿主等特征被分类到不同的科、属和种。\npre_knowledge:\n病毒学\n微生物学\n遗传物质\n分类学"
    },
    {
        "query": "什么是病原体？",
        "response": "answer: 病原体是指能引起疾病的微生物或寄生虫，包括病毒、细菌、真菌、原生动物和蠕虫等。\npre_knowledge:\n微生物学\n疾病\n寄生虫\n病毒\n细菌\n真菌\n原生动物\n蠕虫"
    },
    {
        "query": "目前发现的最大病毒是什么？",
        "response": "answer: 最大的已知病毒是潘多拉病毒（Pandoravirus）。\npre_knowledge:\n病毒学\n微生物学\n基因组学"
    },
    {
        "query": "目前发现的最小病毒是什么？",
        "response": "answer: 最小的已知病毒是纳米病毒科的病毒，例如纳米病毒属的成员，其大小约为22纳米。\npre_knowledge:\n病毒学\n纳米病毒科\n纳米病毒属"
    },
    {
        "query": "常见的病毒有哪些?",
        "response": "answer: 常见的病毒包括流感病毒、新冠病毒（SARS-CoV-2）、艾滋病病毒（HIV）、乙肝病毒（HBV）、丙肝病毒（HCV）、埃博拉病毒、水痘-带状疱疹病毒以及普通感冒的冠状病毒等。\npre_knowledge:\n病毒学\n传染病\n免疫学"
    },
    {
        "query": "病毒的形态有哪些种?",
        "response": "answer: 病毒的形态主要有球形、杆状、丝状、砖形和复合形态等。\npre_knowledge:\n细胞生物学\n微生物学\n病毒学"
    },
    {
        "query": "病毒核酸的功能",
        "response": "answer: 病毒核酸是病毒的遗传物质，负责存储和传递遗传信息，控制病毒的复制和感染宿主细胞。\npre_knowledge:\n遗传物质\n病毒复制\n宿主细胞感染"
    },
    {
        "query": "病毒的正常增殖过程？",
        "response": "answer: 病毒的正常增殖过程通常包括吸附、侵入、脱壳、生物合成、组装和释放等步骤。\npre_knowledge:\n1. 病毒结构\n2. 细胞生物学\n3. 传染机制"
    },
    {
        "query": "什么是昆虫病毒   ？",
        "response": "answer: 昆虫病毒是指一类专门感染昆虫和其他节肢动物的病毒，它们可以在昆虫体内复制并传播，但通常不会感染哺乳动物或植物。\npre_knowledge:\n病毒学\n昆虫学\n寄生关系"
    },
    {
        "query": "昆虫病毒在形态结构上的突出特点是什么？",
        "response": "answer: 昆虫病毒在形态结构上的突出特点是它们通常具有蛋白质外壳，称为衣壳，衣壳内部包含遗传物质，通常是DNA或RNA。许多昆虫病毒还表现出对称的几何形状，如二十面体或螺旋形。\npre_knowledge:\n病毒学\n蛋白质外壳\n遗传物质\n对称结构\nDNA\nRNA"
    },
    {
        "query": "昆虫病毒的分类？",
        "response": "answer: 昆虫病毒主要分为两大类：昆虫专性病毒和昆虫细胞病毒。\npre_knowledge:\n病毒分类\n昆虫生物学\n微生物学"
    },
    {
        "query": "昆虫病毒分为多少个科?",
        "response": "answer: 昆虫病毒主要分为约10个科，如双翅目病毒科、膜翅目病毒科、鳞翅目病毒科、等翅目病毒科等。\npre_knowledge:\n昆虫病毒\n病毒分类学\n生物学"
    },
    {
        "query": "什么是类病毒？",
        "response": "answer: 类病毒是一种非编码RNA分子，它们没有蛋白质外壳并且只能在宿主细胞内复制。\npre_knowledge:\nRNA分子\n非编码RNA\n宿主细胞\n病毒学"
    },
    {
        "query": "什么是生长因子？",
        "response": "answer: 生长因子是一类能够刺激细胞生长和分化的蛋白质分子。\npre_knowledge:\n细胞生物学\n蛋白质\n分子生物学"
    },
    {
        "query": "大量元素包括？",
        "response": "问题: 大量元素包括？\nanswer: 大量元素主要包括碳、氢、氮、氧、磷和硫等，这些元素在生物体中含量丰富。\npre_knowledge:\n化学元素\n生物体组成\n营养元素"
    },
    {
        "query": "什么是发酵 ？",
        "response": "answer: 发酵是一种生物化学过程，在这个过程中，有机物在缺氧条件下被微生物（如酵母或细菌）分解，产生酒精、二氧化碳或其他代谢产物。\npre_knowledge:\n微生物学\n生物化学\n无氧环境"
    },
    {
        "query": "细胞膜渗透性的调控？",
        "response": "answer: 细胞膜渗透性的调控主要通过离子通道、载体蛋白和泵蛋白来实现，这些机制确保了细胞内外环境的物质平衡。\npre_knowledge:\n细胞膜\n离子通道\n载体蛋白\n泵蛋白\n物质运输"
    },
    {
        "query": "病毒的基本结构?",
        "response": "answer: 病毒的基本结构通常包括遗传物质（DNA或RNA）和蛋白质外壳。\npre_knowledge:\n遗传物质\n蛋白质\n病毒学基础知识"
    },
    {
        "query": "病毒的辅助结构？",
        "response": "answer: 病毒的辅助结构包括包膜和刺突蛋白。\npre_knowledge:\n病毒结构\n包膜\n刺突蛋白"
    },
    {
        "query": "根据壳粒的排列方式，病毒结构可以分为哪几种对称型？",
        "response": "answer: 病毒结构的对称型主要分为三类：螺旋对称型、二十面体对称型和复合对称型。\npre_knowledge:\n病毒结构\n对称型\n生物化学\n细胞生物学"
    },
    {
        "query": "病毒的化学成分？",
        "response": "answer: 病毒主要由遗传物质（DNA或RNA）和蛋白质外壳组成，有时还包含脂质囊膜。\npre_knowledge:\n遗传物质 (DNA/RNA)\n蛋白质\n脂质囊膜"
    },
    {
        "query": "包膜的主要功能？",
        "response": "answer: 包膜的主要功能是保护细胞内部结构，维持细胞形态，并控制物质进出细胞。\npre_knowledge:\n细胞结构\n物质运输\n生物膜的组成"
    },
    {
        "query": "病毒的结构？",
        "response": "answer: 病毒主要由遗传物质（DNA或RNA）和蛋白质外壳组成，有些病毒还包裹有脂质膜。\npre_knowledge:\n遗传物质\n蛋白质\n脂质膜"
    },
    {
        "query": "病毒核酸的主要功能？",
        "response": "answer: 病毒核酸的主要功能是存储遗传信息并指导病毒蛋白质的合成。\npre_knowledge:\n遗传信息\n蛋白质合成\n病毒结构"
    },
    {
        "query": "病毒的增殖过程？",
        "response": "answer: 病毒的增殖过程通常包括吸附、侵入、脱壳、生物合成、组装和释放等步骤。\npre_knowledge:\n细胞生物学\n微生物学\n病毒学"
    },
    {
        "query": "亚病毒的分类？",
        "response": "answer: 亚病毒包括病毒样颗粒、卫星病毒、朊病毒和类病毒。\npre_knowledge:\n病毒样颗粒\n卫星病毒\n朊病毒\n类病毒"
    },
    {
        "query": "温和噬菌体的溶源状态？",
        "response": "answer: 温和噬菌体在感染宿主细菌后，其基因可以整合到细菌的染色体中，而不立即杀死细菌，这种状态称为溶源状态。\npre_knowledge:\n噬菌体\n细菌染色体\n病毒生命周期"
    },
    {
        "query": "微生物在环境保护中的应用有什么？",
        "response": "answer: 微生物在环境保护中的应用包括生物降解、污水处理、废气净化以及土壤修复等。\npre_knowledge:\n生物降解\n污水处理技术\n废气处理\n土壤修复科学"
    },
    {
        "query": "微生物与未来科技有什么？",
        "response": "answer: 微生物在未来的科技发展中将发挥重要作用，例如在生物技术、药物发现、环境保护和能源生产等领域。\npre_knowledge:\n生物技术\n药物发现\n环境保护\n能源生产\n微生物学"
    },
    {
        "query": "什么是微生物的分类鉴定？",
        "response": "answer: 微生物的分类鉴定是通过比较微生物的形态特征、生理生化反应、遗传信息等，将其归入适当的分类阶元，如界、门、纲、目、科、属、种的过程。\npre_knowledge:\n微生物学\n分类学\n遗传信息\n形态特征\n生理生化反应"
    },
    {
        "query": "微生物进化指征是如何选择的？",
        "response": "answer: 微生物进化指征的选择主要基于它们在特定环境中的适应性和生存能力。这些指征包括基因变异、表型变化、种群遗传结构的改变以及新的代谢途径的出现。\npre_knowledge:\n- 进化理论\n- 自然选择\n- 遗传变异\n- 生物适应性\n- 种群遗传学"
    }
]