[
    {
        "query": "通过恒化连续培养控制微生物的生长",
        "response": "answer: 恒化连续培养可以通过调整培养基中的限制性营养物质（如碳源和氮源）浓度来维持微生物恒定的生长速率。\npre_knowledge:\n恒化连续培养的基本原理\n恒化连续培养中常用的限制性营养物质"
    },
    {
        "query": "如何在工业发酵过程中优化微生物的生长和代谢产物的产量？",
        "response": "answer: 为了优化工业发酵过程中微生物的生长和代谢产物的产量，可以采取多种策略，包括调控培养基成分以满足微生物的营养需求，调整环境条件如pH值和温度以提高酶活性，应用基因工程技术改造微生物以增强代谢产物生成，精细调控过程参数如氧气供应和搅拌速度以改善代谢效率，以及选择高产且适应性强的微生物菌株。\npre_knowledge:\n控制培养基成分\n控制环境条件\n基因工程技术\n过程控制\n选择合适的微生物菌株"
    },
    {
        "query": "在土壤微生物生态系统中，如何通过调控环境因素和微生物互作来改善农作物的生长？",
        "response": "answer: 通过调控土壤环境因素，如保持适宜的pH值、水分和温度，以及增加有机质和微量元素的含量，可以促进微生物活性和农作物生长。同时，利用微生物间的互作，如共生固氮和拮抗作用，以及使用微生物接种剂，可以改善土壤微生物群落结构，提高农作物产量并控制病害。\npre_knowledge:\n土壤环境因素对微生物的影响\n有机质和微量元素的作用\n微生物互作的影响\n微生物接种剂的作用\n调控微生物群落控制病害"
    },
    {
        "query": "如何通过调控微生物遗传变异和环境因素来提高工业酶的产量？",
        "response": "answer: 通过遗传变异技术（如诱变育种、基因工程和基因组编辑）改变微生物的基因，增强其酶产生能力；同时，优化培养基成分和发酵条件，调整碳源、氮源、微量元素和维生素的比例，以及控制pH值、温度等环境因素，可以促进微生物的生长和酶的分泌。此外，代谢工程可以通过改造微生物的代谢途径，增加目标酶的合成效率。共培养或协同发酵策略利用不同微生物间的相互作用，提高酶的整体产量。最后，精确调控氧气供应和温度等环境因素，也能进一步提升工业酶的产量。\npre_knowledge:\n遗传变异技术\n培养基成分和发酵条件优化\n代谢工程\n共培养或协同发酵\n环境因素调控"
    },
    {
        "query": "如何通过调控微生物的夸克效应和藻蓝蛋白合成途径来提高光生物反应器的效率？",
        "response": "answer: 通过调节微生物的夸克效应，可以控制微生物的生物膜形成和代谢活性，增强光生物反应器中微生物的稳定性和产物产量。同时，利用基因工程技术优化藻蓝蛋白的合成途径，比如过表达关键基因或减少抑制因素，可以增加藻蓝蛋白的合成效率，进一步提高光生物反应器的光能利用率和整体效率。\npre_knowledge:\n微生物的夸克效应\n藻蓝蛋白的合成途径\n基因工程技术在优化藻蓝蛋白合成途径中的应用"
    },
    {
        "query": "如何通过调控微生物的激素模拟物和异化固氮途径来增强植物根际的养分吸收？",
        "response": "answer: 通过调控微生物的激素模拟物，如施用含有生长素模拟物的微生物制剂，可以促进植物根系生长和分枝，提高养分吸收效率。同时，利用具有异化固氮能力的微生物，如固氮菌，通过施用相关微生物制剂或优化土壤条件，可以增加土壤中氨的浓度，进而增强植物对氮的吸收。\npre_knowledge:\n微生物的激素模拟物\n异化固氮途径\n植物根系生长和分枝\n固氮菌和固氮作用\n土壤环境和施肥管理对固氮效率的影响"
    },
    {
        "query": "如何通过调控微生物的质粒稳定性和聚β-羟基丁酸（PHB）合成途径来优化生物塑料的生产？",
        "response": "answer: 为了优化生物塑料的生产，可以通过基因工程技术提高质粒稳定性，比如引入par系统或hok/sok毒素-抗毒素系统，以防止质粒丢失并维持关键基因的表达。同时，调整微生物生长的环境条件，如增加碳源浓度、限制氮源、控制适宜的氧气供应和pH值，可以促进PHB的合成。此外，代谢工程策略，如基因敲除和过表达关键酶，也能有效地优化PHB的生物合成途径。\npre_knowledge:\n质粒稳定性在微生物代谢工程中的重要性\n聚β-羟基丁酸（PHB）的生物合成途径\n基因工程技术增强质粒稳定性\n环境因素对PHB合成的影响\n代谢工程优化PHB合成途径"
    },
    {
        "query": "环境因素对微生物生长的影响有哪些？",
        "response": "answer: 环境因素对微生物生长的影响包括温度、pH值和氧气。适宜的温度可以促进微生物的新陈代谢，过高或过低的温度则可能导致生长受阻或死亡。pH值的影响在于不同类型的微生物对酸碱环境有不同的适应性，合适的pH值有助于酶的活性和细胞膜的稳定性。氧气的存在与否也是关键，需氧微生物需要氧气来完成呼吸过程，而厌氧微生物则在无氧环境下生长。\npre_knowledge:\n温度\npH值\n氧气"
    },
    {
        "query": "微生物的突变如何影响其遗传变异？",
        "response": "answer: 突变通过改变微生物的基因组序列，引入新的遗传信息或改变原有遗传信息，从而引起遗传变异。这些变异可能导致微生物的表型发生变化，例如影响其代谢途径、抗药性或生存策略。\npre_knowledge:\n突变\n基因组\n遗传变异\n自发突变\n诱发突变"
    },
    {
        "query": "微生物在自然界物质循环中的作用是什么？",
        "response": "answer: 微生物通过分解有机物质参与自然界的物质循环，如碳循环和氮循环，将元素从有机形式转化为无机形式，供生产者再次利用。\npre_knowledge:\n物质循环\n分解者\n有机物质分解\n碳循环\n氮循环"
    },
    {
        "query": "微生物的基因重组有哪几种方式？",
        "response": "answer: 微生物的基因重组主要通过转化、接合和转导三种方式进行。\npre_knowledge:\n转化\n接合\n转导"
    },
    {
        "query": "什么是质粒？",
        "response": "answer: 质粒是细菌内的一种环状DNA分子，可以携带特定的基因如抗生素抗性基因或代谢相关基因，并能在细菌间通过接合、转化和转导进行转移。\npre_knowledge:\n环状DNA分子\n抗生素抗性基因\n基因传递方式（接合、转化、转导）"
    },
    {
        "query": "微生物的基因突变有哪些类型？",
        "response": "answer: 微生物的基因突变类型包括点突变、插入突变、缺失突变和移码突变。\npre_knowledge:\n基因突变\n点突变\n插入突变\n缺失突变\n移码突变"
    },
    {
        "query": "延迟期的特征是什么？",
        "response": "answer: 延迟期的特征是细胞代谢活动增强，细胞体积增长快，但细胞分裂缓慢。\npre_knowledge:\n微生物接种到新环境\n细胞代谢活动增强\n细胞体积增长快，分裂迟缓"
    },
    {
        "query": "硝化作用的生态意义是什么？",
        "response": "answer: 硝化作用对土壤肥力和水体生态有重要影响，是氮循环的关键过程。\npre_knowledge:\n硝化作用\n氮循环\n生态意义"
    },
    {
        "query": "微生物在碳素循环中的作用是什么？",
        "response": "answer: 微生物在碳素循环中分解有机物、固定碳并释放二氧化碳，对于维持生态系统的碳平衡至关重要。\npre_knowledge:\n碳素循环\n微生物的作用\n生态系统的碳平衡"
    },
    {
        "query": "微生物的生长曲线包括哪些阶段？",
        "response": "answer: 微生物的生长曲线包括延迟期、对数期、稳定期和衰亡期四个阶段。\npre_knowledge:\n微生物的生长曲线\n延迟期\n对数期\n稳定期\n衰亡期"
    },
    {
        "query": "微生物的生长速率如何测定？",
        "response": "answer: 微生物的生长速率可以通过直接计数法、间接计数法、测定细胞内容物的量和比浊法来测定。\npre_knowledge:\n直接计数法\n间接计数法\n测定细胞内容物的量\n比浊法"
    },
    {
        "query": "微生物的遗传物质主要有哪些形式？",
        "response": "answer: 微生物的遗传物质主要以染色体DNA、质粒DNA和转座子的形式存在。\npre_knowledge:\n染色体DNA\n质粒DNA\n转座子"
    },
    {
        "query": "微生物在氮循环中的作用是什么？",
        "response": "answer: 微生物在氮循环中参与固氮、氨化、硝化和反硝化过程，将氮气转化为氨，氨转化为硝酸盐，硝酸盐再转化为氮气，完成氮元素的循环转化。\npre_knowledge:\n氮循环\n固氮菌\n氨化细菌\n硝化细菌\n反硝化细菌"
    },
    {
        "query": "根际微生物对植物的生长有何影响？",
        "response": "answer: 根际微生物能够分解有机物质，释放营养物质，与植物形成共生关系，例如固氮作用，增强植物养分吸收和抗病性，同时也改善土壤的理化性质，有利于植物生长。\npre_knowledge:\n根际\n根际微生物\n共生固氮作用"
    },
    {
        "query": "微生物在食品保存中的作用是什么？",
        "response": "answer: 微生物在食品保存中的作用包括引起食品腐败以及参与食品发酵和保存，通过发酵生成酸性物质抑制腐败微生物的生长，延长食品保质期。\npre_knowledge:\n食品保存方法\n微生物对食品的影响\n发酵过程的作用"
    },
    {
        "query": "微生物的同步培养技术是什么？",
        "response": "answer: 微生物的同步培养技术是通过控制培养条件，如使用机械法中的离心沉降、过滤等方法，使得微生物群体中的所有细胞都处于同一生长阶段。\npre_knowledge:\n同步培养\n机械法\n离心沉降分离法\n过滤分离法\n硝酸纤维素薄膜法"
    },
    {
        "query": "土壤微生物对植物生长的作用是什么？",
        "response": "answer: 土壤微生物通过分解有机物释放养分，与植物形成共生关系（如固氮），并抑制病原微生物，促进植物生长。\npre_knowledge:\n土壤微生物\n植物与微生物的互作\n分解有机物质\n固氮作用\n抑制病原微生物"
    },
    {
        "query": "基因重组对微生物有何影响？",
        "response": "answer: 基因重组通过增加微生物的遗传多样性，帮助它们适应环境变化和抵抗压力，同时也促进新代谢途径的形成，提高代谢产物的产量。\npre_knowledge:\n基因重组\n微生物遗传多样性\n环境适应性"
    },
    {
        "query": "什么是原核微生物？",
        "response": "answer: 原核微生物是指没有核膜包裹的细胞核，只有核区的单细胞或多细胞微生物，主要包括真细菌和古生菌。\npre_knowledge:\n原核生物域prokaryote\n真细菌\n古生菌"
    },
    {
        "query": "细菌的形态有哪些？",
        "response": "answer: 细菌的形态主要有球菌、杆菌和螺旋菌，除此之外还有其他形态如柄杆菌、球衣菌、支原体、星形和方形的细菌等。\npre_knowledge:\n球菌\n杆菌\n螺旋菌\n柄杆菌\n球衣菌\n支原体\n星形细菌\n方形细菌"
    },
    {
        "query": "细菌的细胞结构有哪些？",
        "response": "answer: 细菌的基本细胞结构包括细胞壁、细胞膜、细胞质和核区。特殊结构则包括鞭毛、菌毛、性毛、糖被（荚膜、微荚膜和黏液层）以及芽孢。\npre_knowledge:\n细胞壁\n细胞膜\n细胞质\n核区\n鞭毛\n菌毛\n性毛\n糖被\n芽孢"
    },
    {
        "query": "细菌细胞壁有哪些种类？",
        "response": "answer: 细菌细胞壁主要有两种类型：革兰氏阳性细菌细胞壁和革兰氏阴性细菌细胞壁。\npre_knowledge:\n革兰氏阳性细菌细胞壁\n革兰氏阴性细菌细胞壁\n肽聚糖\n磷壁酸"
    },
    {
        "query": "细菌细胞壁的功能是什么？",
        "response": "answer: 细菌细胞壁的功能包括维持细胞形态、支持细胞生长和分裂、保护细胞免受有害物质侵害以及决定细菌的抗原性和致病性。\npre_knowledge:\n细胞形态\n细胞生长和分裂\n保护机制\n抗原性\n致病性"
    },
    {
        "query": "细胞膜结构是什么样的？",
        "response": "answer: 细胞膜的结构可以用液态镶嵌模型来描述，主要由磷脂双分子层构成，其中包含有流动性的脂质分子和两种类型的蛋白质：整合蛋白和周边蛋白。整合蛋白沉浸在脂质双分子层中，可以横向移动，而周边蛋白则在表面“漂浮”，可在磷脂表层进行侧向移动。\npre_knowledge:\n液态镶嵌模型\n脂质双分子层\n整合蛋白\n周边蛋白"
    },
    {
        "query": "细胞膜的生理功能有哪些？",
        "response": "answer: 细胞膜的生理功能包括选择性地控制物质运输、维持细胞内渗透压、合成大分子、产能、作为酶的活动部位以及提供鞭毛运动的能量。\npre_knowledge:\n细胞膜的选择性通透性\n细胞内渗透压\n细胞壁和大分子合成\n氧化磷酸化\n酶的作用\n鞭毛的运动机制"
    },
    {
        "query": "细胞质的主要成分是什么？",
        "response": "answer: 细胞质的主要成分包括核糖体、储藏物、多种酶类、中间代谢物、质粒、气泡和大分子的单体。\npre_knowledge:\n核糖体\n储藏物\n酶类\n中间代谢物\n质粒\n气泡\n大分子的单体"
    },
    {
        "query": "质粒按相对分子质量如何分类？",
        "response": "answer: 质粒可以根据相对分子质量分为两类：一类是相对分子质量大于40×10⁶的，另一类是相对分子质量小于10×10⁶的。\npre_knowledge:\n质粒的分类依据\n质粒的相对分子质量范围"
    },
    {
        "query": "质粒按复制性质如何进行分类？",
        "response": "answer: 质粒按照复制性质可以分为严紧型质粒和松弛型质粒。严紧型质粒在细胞染色体复制一次时复制一次，细胞内含量少；而松弛型质粒即使在染色体复制停止后仍能继续复制，细胞内含量多。\npre_knowledge:\n质粒复制性质\n严紧型质粒\n松弛型质粒"
    },
    {
        "query": "质粒按照功能如何进行分类？",
        "response": "answer: 质粒按照功能可以分为致育因子(F因子)、抗药性质粒(R因子)、大肠杆菌素质粒(Col因子)、金属离子抗性质粒、辐射抗性质粒以及分解性质粒等。\npre_knowledge:\n质粒\n致育因子(F因子)\n抗药性质粒(R因子)\n大肠杆菌素质粒(Col因子)"
    },
    {
        "query": "糖被的功能是什么？",
        "response": "answer: 糖被的主要功能包括保护细菌免受环境伤害，储存养料，堆积代谢废物，作为致病因素，参与细菌间的信息识别以及促进表面附着。\npre_knowledge:\n微生物学\n细菌结构\n免疫学"
    },
    {
        "query": "芽孢形成的阶段有哪些？",
        "response": "answer: 芽孢形成的阶段包括DNA浓缩、细胞膜内陷、前芽孢形成、双层隔膜构建、芽孢肽聚糖和皮层形成、芽孢衣合成、皮层成熟和芽孢囊裂解。\npre_knowledge:\n芽孢\n皮层\n芽孢衣"
    },
    {
        "query": "芽孢的核心是什么？",
        "response": "answer: 芽孢的核心由芽孢壁、芽孢质膜、芽孢质和核区四部分组成。\npre_knowledge:\n芽孢壁\n芽孢质膜\n芽孢质\n核区"
    },
    {
        "query": "什么是伴孢晶体？",
        "response": "answer: 伴孢晶体是某些芽孢杆菌，如苏云金芽孢杆菌在形成芽孢时，会在芽孢旁边产生的一种菱形或双锥形的碱溶性蛋白晶体，它具有毒性，主要由18种氨基酸组成。\npre_knowledge:\n芽孢杆菌\n苏云金芽孢杆菌\n芽孢形成过程"
    },
    {
        "query": "产芽孢的细菌有哪些？",
        "response": "answer: 产芽孢的细菌主要包括革兰氏阳性杆菌的芽孢杆菌属(Bacillus)和梭菌属(Clostridium)，还有球菌的芽孢八叠球菌属(Sporosarcina)、螺菌的孢螺菌属(Sporospirillum)，以及其他一些杆菌属如芽孢乳杆菌属(Sporolactobacillus)、脱硫肠状菌属(Desulfotomaculum)、考克斯氏体属(Coxiella)、鼠孢菌属(Sporomusa)和高温放线菌属(Thermoactinomyces)等。\npre_knowledge:\n革兰氏阳性杆菌\n芽孢杆菌属\n梭菌属"
    },
    {
        "query": "什么是细菌的裂殖？",
        "response": "answer: 细菌的裂殖是指细菌通过细胞分裂产生两个相同或相似的子细胞的过程，主要方式有二分裂、三分裂和复分裂。\npre_knowledge:\n细胞分裂\n二分裂\n三分裂\n复分裂"
    },
    {
        "query": "什么是菌落？",
        "response": "answer: 菌落是单个细菌细胞或少量同种细菌在固体培养基上生长繁殖形成的肉眼可见的细胞集团。\npre_knowledge:\n细菌细胞\n固体培养基\n纯种细胞群"
    },
    {
        "query": "放线菌的形态结构是什么？",
        "response": "answer: 放线菌的形态结构包括基内菌丝、气生菌丝和孢子丝。基内菌丝是营养菌丝，负责吸收营养和排泄代谢产物；气生菌丝则从基内菌丝延伸到空间，有时会产生色素；孢子丝是形成孢子的菌丝。典型的放线菌如链霉菌有气生菌丝，而原始的放线菌则没有。\npre_knowledge:\n放线菌的分类\n基内菌丝\n气生菌丝\n孢子丝"
    },
    {
        "query": "放线菌的菌落特点是什么样的？",
        "response": "answer: 放线菌的菌落一般为圆形或有皱褶，菌落由菌丝体组成，表面可以是绒状、坚实、干燥或多皱。根据种类不同，菌落形态可表现为絮状、粉状或颗粒状，有的还可能带有颜色。在液体培养基中，放线菌能形成斑状、膜状菌落或球状颗粒。\npre_knowledge:\n放线菌\n链霉菌\n诺卡氏放线菌"
    },
    {
        "query": "酵母菌的细胞结构是什么样的？",
        "response": "answer: 酵母菌的细胞结构包括细胞壁、细胞膜、细胞质、细胞核、液泡、线粒体、微体、质粒、芽痕和蒂痕等组成部分。\npre_knowledge:\n细胞壁\n细胞膜\n细胞质\n细胞核\n液泡\n线粒体\n微体\n质粒\n芽痕\n蒂痕"
    },
    {
        "query": "什么是微生物？",
        "response": "answer: 微生物是一类形体微小、结构简单的生物，包括单细胞生物、多细胞生物以及无细胞结构的生物，通常需要借助显微镜才能观察到。\npre_knowledge:\n生物学\n细胞\n显微镜"
    },
    {
        "query": "霉菌的细胞结构是什么？",
        "response": "answer: 霉菌的细胞结构包括细胞壁、细胞膜、细胞质、细胞核以及各种细胞器，如液泡、线粒体、内质网、核糖体和膜边体等。\npre_knowledge:\n霉菌细胞壁\n霉菌细胞膜\n霉菌细胞质和细胞器\n霉菌细胞核"
    },
    {
        "query": "真核微生物和原核微生物细胞壁的差异",
        "response": "answer: 真核微生物如酵母菌的细胞壁主要由葡聚糖、甘露聚糖和蛋白质构成，而原核微生物如细菌的细胞壁主要由肽聚糖组成，支原体没有细胞壁，古细菌的细胞壁则含有假肽聚糖。\npre_knowledge:\n真核微生物细胞壁成分\n原核微生物细胞壁成分\n支原体结构\n古细菌细胞壁成分"
    },
    {
        "query": "真核微生物和原核微生物鞭毛的差异",
        "response": "answer: 真核微生物的鞭毛比原核微生物的鞭毛更复杂，有“9+2”型的结构，而原核微生物的鞭毛结构简单，主要由基体、钩形鞘和鞭毛丝组成。此外，原核微生物鞭毛的运动机制是旋转马达式，而真核微生物的鞭毛运动则是挥鞭式。\npre_knowledge:\n真核微生物鞭毛\n原核微生物鞭毛\n鞭毛结构\n运动机制"
    },
    {
        "query": "什么是病毒？",
        "response": "answer: 病毒是一种非细胞型微生物，它们没有完整的细胞结构，仅包含一种类型的核酸，即DNA或RNA，并且必须在宿主活细胞内寄生才能进行复制和增殖。\npre_knowledge:\nDNA\nRNA\n微生物学"
    },
    {
        "query": "病毒的主要特点?",
        "response": "answer: 病毒的主要特点是体积微小，需要借助电子显微镜才能观察；它们没有独立代谢的能力，必须在宿主细胞内复制自己；病毒有严格的宿主特异性，如动物病毒只能感染动物，植物病毒则感染植物，而噬菌体只能感染微生物。\npre_knowledge:\n电子显微镜\n宿主特异性\n动物病毒\n植物病毒\n真菌病毒\n细菌病毒（噬菌体）"
    },
    {
        "query": "病毒分多少个目？",
        "response": "answer: 病毒有6个目。\npre_knowledge:\n病毒学\n生物学\n微生物学"
    },
    {
        "query": "病毒分多少各科？",
        "response": "answer: 病毒有87个科。\npre_knowledge:\n科"
    },
    {
        "query": "病毒分多少个亚科？",
        "response": "answer: 病毒有19个亚科。\npre_knowledge:\n亚科"
    },
    {
        "query": "病毒分多少个属？",
        "response": "answer: 病毒有349个属。\npre_knowledge:\n生物分类\n病毒学\n微生物学"
    },
    {
        "query": "病毒分多少种",
        "response": "answer: 病毒有2284个种。\npre_knowledge:\n种"
    },
    {
        "query": "什么是病原体？",
        "response": "answer: 病原体是指能够引起疾病的微生物或寄生虫，如病毒、细菌、真菌、原生动物和寄生虫等。\npre_knowledge:\n微生物学\n寄生虫学\n疾病传播"
    },
    {
        "query": "目前发现的最大病毒是什么？",
        "response": "answer: 目前发现的最大病毒是潘多拉病毒。\npre_knowledge:\n潘多拉病毒\n病毒大小\n微生物学"
    },
    {
        "query": "目前发现的最小病毒是什么？",
        "response": "answer: 目前发现的最小病毒是口蹄疫病毒。\npre_knowledge:\n口蹄疫病毒\n病毒大小"
    },
    {
        "query": "常见的病毒有哪些?",
        "response": "answer: 常见的病毒包括噬菌体、腺病毒、脊髓灰质病毒、烟草花叶病毒、朊病毒、痘病毒、Ebola病毒、狂犬病病毒和类病毒。\npre_knowledge:\n噬菌体\n腺病毒\n脊髓灰质病毒\n烟草花叶病毒\n朊病毒\n痘病毒\nEbola病毒\n狂犬病病毒\n类病毒"
    },
    {
        "query": "病毒的形态有哪些种?",
        "response": "answer: 病毒的形态包括球形、杆状、丝状、砖型、子弹形和蝌蚪形等。\npre_knowledge:\n正黏病毒"
    },
    {
        "query": "病毒核酸的功能",
        "response": "answer: 病毒核酸的主要功能是作为病毒复制的模板，决定病毒的特性，并在某些情况下具有感染性。\npre_knowledge:\n病毒复制\n遗传信息\n病毒感染机制\n基因组\n突变\n感染性核酸"
    },
    {
        "query": "病毒的正常增殖过程？",
        "response": "answer: 病毒的正常增殖过程包括吸附、穿入、脱壳、生物合成和装配与释放。\npre_knowledge:\n吸附\n穿入\n脱壳\n生物合成\n装配与释放"
    },
    {
        "query": "什么是昆虫病毒   ？",
        "response": "answer: 昆虫病毒是指一类以昆虫为宿主并能在昆虫体内增殖的病毒，有些对昆虫具有致病性，可能导致昆虫生病或死亡。\npre_knowledge:\n病毒学\n昆虫学\n宿主-病原体关系"
    },
    {
        "query": "昆虫病毒在形态结构上的突出特点是什么？",
        "response": "answer: 昆虫病毒的突出特点是在宿主细胞内形成多角体，这些多角体是由多角体蛋白聚集成的蛋白结晶性包含体，具有保护病毒并增强其感染能力的作用。\npre_knowledge:\n昆虫病毒\n多角体\n多角体蛋白"
    },
    {
        "query": "昆虫病毒的分类？",
        "response": "answer: 昆虫病毒主要分为五类：核型多角体病毒、质型多角体病毒、颗粒体病毒、昆虫痘病毒和非包含体病毒。\npre_knowledge:\n昆虫病毒分类\n多角体\n细胞核\n细胞质"
    },
    {
        "query": "昆虫病毒分为多少个科?",
        "response": "answer: 昆虫病毒分为7个科。\npre_knowledge:\n杆状病毒科\n呼肠病毒科\n痘病毒科\n细小病毒科\n虹彩病毒科\n弹性病毒科\n小RNA病毒科"
    },
    {
        "query": "什么是类病毒？",
        "response": "answer: 类病毒是一类能感染某些植物的单链闭合环状RNA分子。\npre_knowledge:\n植物病理学\n分子生物学\nRNA分子"
    },
    {
        "query": "什么是生长因子？",
        "response": "answer: 生长因子是微生物生长过程中需要的、自身不能合成或合成不足的微量有机化合物。\npre_knowledge:\n微生物学\n有机化合物\n微生物生长需求"
    },
    {
        "query": "大量元素包括？",
        "response": "answer: 大量元素包括磷、硫、镁、钙、钾和钠。\npre_knowledge:\n大量元素\n磷\n硫\n镁\n钙\n钾\n钠"
    },
    {
        "query": "什么是发酵 ？",
        "response": "answer: 发酵是一种在无氧或低氧环境下，微生物通过氧化还原反应来获取能量的过程。\npre_knowledge:\n微生物\n氧化还原反应\n厌氧条件"
    },
    {
        "query": "细胞膜渗透性的调控？",
        "response": "answer: 细胞膜渗透性的调控可以通过生理学或遗传学方法实现，以增加细胞内外物质交换，尤其是提高代谢产物的分泌效率。\npre_knowledge:\n微生物细胞膜的选择性\n代谢产物的反馈调节\n细胞膜通透性的改变"
    },
    {
        "query": "病毒的基本结构?",
        "response": "answer: 病毒的基本结构包括病毒核心和衣壳，这两部分构成了核衣壳。\npre_knowledge:\n病毒核心\nDNA或RNA\n病毒衣壳\n壳粒"
    },
    {
        "query": "病毒的辅助结构？",
        "response": "answer: 病毒的辅助结构包括病毒包膜以及像腺病毒那样的纤维刺突或纤突。\npre_knowledge:\n病毒包膜\n纤维刺突\n腺病毒"
    },
    {
        "query": "根据壳粒的排列方式，病毒结构可以分为哪几种对称型？",
        "response": "answer: 病毒结构可以分为螺旋对称型、二十面体对称型和复合对称型。\npre_knowledge:\n病毒学\n壳粒排列\n对称型结构"
    },
    {
        "query": "病毒的化学成分？",
        "response": "answer: 病毒的化学成分主要包括病毒核酸（如DNA或RNA）、病毒蛋白质、脂质和糖类。\npre_knowledge:\n病毒核酸\n病毒蛋白质\n脂质与糖类"
    },
    {
        "query": "包膜的主要功能？",
        "response": "answer: 包膜的主要功能包括维护病毒体结构的完整性，使病毒体与宿主细胞膜更容易结合以及展示病毒抗原的特异性。\npre_knowledge:\n病毒结构\n细胞膜\n抗原性"
    },
    {
        "query": "病毒的结构？",
        "response": "answer: 病毒的基本结构通常包括遗传物质（DNA或RNA）和蛋白质外壳，而辅助结构可能包括脂质包膜等。\npre_knowledge:\n遗传物质 (DNA或RNA)\n蛋白质外壳\n脂质包膜"
    },
    {
        "query": "病毒核酸的主要功能？",
        "response": "answer: 病毒核酸的主要功能包括作为病毒复制的模板，决定病毒的特性，以及在某些情况下具有感染性。\npre_knowledge:\n病毒复制\n遗传信息编码\n病毒感染性"
    },
    {
        "query": "病毒的增殖过程？",
        "response": "answer: 病毒的增殖过程通常包括吸附、侵入、脱壳、生物合成、组装和释放等步骤。在正常增殖过程中，病毒会找到宿主细胞并附着在其表面，然后通过细胞膜进入细胞内部。接着，病毒的遗传物质会释放出来，并利用宿主细胞的 machinery 合成自己的蛋白质和新的遗传物质。最后，新合成的病毒组件会组装成完整的病毒颗粒，并释放出去感染更多的细胞。\npre_knowledge:\n正常增殖\n细胞生物学\n遗传学"
    },
    {
        "query": "亚病毒的分类？",
        "response": "answer: 亚病毒的分类包括类病毒、卫星病毒、卫星RNA和朊病毒。\npre_knowledge:\n类病毒\n卫星病毒\n卫星RNA\n朊病毒"
    },
    {
        "query": "温和噬菌体的溶源状态？",
        "response": "answer: 温和噬菌体的溶源状态是指其感染细菌后不增殖，不裂解宿主，而是将其核酸整合到细菌的染色体DNA中，形成前噬菌体，并随染色体一起复制和传递给子代细菌。\npre_knowledge:\n温和噬菌体\n溶源性细菌\n细菌分裂"
    },
    {
        "query": "微生物在环境保护中的应用有什么？",
        "response": "answer: 微生物在环境保护中的应用包括活性污泥法、生物膜法、厌氧处理法和堆肥法，这些方法利用微生物的生物降解能力来净化污水、处理有机废物和转化废弃物。\npre_knowledge:\n活性污泥法\n生物膜法\n厌氧处理法\n堆肥法"
    },
    {
        "query": "微生物与未来科技有什么？",
        "response": "answer: 微生物在未来的科技发展中，通过微生物传感器、微生物DNA芯片和微生物新材料等形式，对生物工业、环境监测、临床医学、病原体诊断、基因研究以及环保领域产生重大影响。\npre_knowledge:\n微生物传感器\n微生物DNA芯片\n微生物新材料"
    },
    {
        "query": "什么是微生物的分类鉴定？",
        "response": "answer: 微生物的分类鉴定是通过分析其细胞壁组成、类脂组成、蛋白质序列、核酸碱基组成、特定基因序列以及使用数值分类法等方法，来确定微生物的种类和进化关系的过程。\npre_knowledge:\n细胞壁组成分析\n类脂组成分析\n蛋白质比较分析\n核酸的碱基组成和分子杂交\n16S rRNA或18S rRNA基因序列的测定\n数值分类法"
    },
    {
        "query": "微生物进化指征是如何选择的？",
        "response": "answer: 微生物进化指征的选择主要基于生物大分子，尤其是rRNA，因为它们普遍存在、功能必要、序列保守且含有可变区域，适合作为揭示生物进化关系的“分子尺”。\npre_knowledge:\n表型特征的局限性\n生物大分子的选用标准\nrRNA作为进化指征"
    }
]