[
    {
        "query": "通过恒化连续培养控制微生物的生长",
        "response": "answer: 恒化连续培养可以通过调整限制性营养物质（如碳源和氮源）的浓度来控制微生物的生长速率。\npre_knowledge:\n恒化连续培养的基本原理\n限制性营养物质\n恒化连续培养中常用的限制性营养物质"
    },
    {
        "query": "如何在工业发酵过程中优化微生物的生长和代谢产物的产量？",
        "response": "answer: 为了优化工业发酵过程中微生物的生长和代谢产物的产量，可以采取以下策略：调整培养基成分以影响微生物的生长和代谢途径，控制环境条件如pH值和温度以最大化酶活性，应用基因工程技术改造微生物，调整过程控制参数如氧气供应和搅拌速度，以及选择高产和稳定的微生物菌株。\npre_knowledge:\n控制培养基成分\n控制环境条件\n基因工程技术\n过程控制\n选择合适的微生物菌株"
    },
    {
        "query": "在土壤微生物生态系统中，如何通过调控环境因素和微生物互作来改善农作物的生长？",
        "response": "answer: 通过调控土壤环境因素，如保持适宜的pH值、水分和温度，以及增加有机质和微量元素的含量，可以促进土壤微生物的活性和多样性。同时，利用微生物接种剂和调整微生物群落结构，例如引入根瘤菌和放线菌，可以改善农作物的生长条件，增加产量并减少病害。\npre_knowledge:\n土壤环境因素对微生物的影响\n有机质和微量元素的作用\n微生物间的互作\n微生物接种剂的效果\n调控微生物群落控制病害"
    },
    {
        "query": "如何通过调控微生物遗传变异和环境因素来提高工业酶的产量？",
        "response": "answer: 通过遗传变异技术（如诱变育种、基因工程和基因组编辑）改变微生物的基因，增强其酶的产生能力；同时，优化微生物的生长环境，如调整培养基成分、发酵条件（如pH、温度、溶氧水平）、进行代谢工程优化代谢途径，以及利用共培养或协同发酵来提高酶的产量。\npre_knowledge:\n遗传变异技术\n优化培养基成分和发酵条件\n代谢工程\n共培养或协同发酵\n环境因素调控"
    },
    {
        "query": "如何通过调控微生物的夸克效应和藻蓝蛋白合成途径来提高光生物反应器的效率？",
        "response": "answer: 通过调节微生物的夸克效应，可以控制微生物的生物膜形成和代谢活性，增强光合微生物的稳定性，从而提高光生物反应器的效率。同时，利用基因工程技术优化藻蓝蛋白的合成途径，如过表达色素蛋白基因或敲除负调控基因，也能提升藻蓝蛋白的产量，进而提高光捕获和转化效率。\npre_knowledge:\n微生物的夸克效应\n藻蓝蛋白的合成途径\n调控夸克效应提高光生物反应器效率\n基因工程技术优化藻蓝蛋白合成途径\n藻蓝蛋白合成的环境因素影响"
    },
    {
        "query": "如何通过调控微生物的激素模拟物和异化固氮途径来增强植物根际的养分吸收？",
        "response": "answer: 通过调控微生物的激素模拟物，可以施用含有生长素模拟物的微生物制剂，促进植物根系生长和分枝，提高根际土壤中养分吸收效率。同时，通过引入具有异化固氮能力的微生物，如固氮菌，可以增加土壤中氨的浓度，促进植物对氮的吸收。此外，优化土壤条件和施肥策略也能增强微生物的固氮效率，进而提升植物根际的养分吸收。\npre_knowledge:\n微生物的激素模拟物\n异化固氮途径\n植物根系生长与激素平衡\n异化固氮菌\n土壤环境与固氮效率"
    },
    {
        "query": "如何通过调控微生物的质粒稳定性和聚β-羟基丁酸（PHB）合成途径来优化生物塑料的生产？",
        "response": "answer: 为了优化生物塑料的生产，可以通过基因工程技术提高质粒稳定性，比如引入par系统或hok/sok毒素-抗毒素系统，以防止携带关键基因的质粒丢失。此外，调整微生物生长的环境条件，如增加碳源浓度、限制氮源、控制适当的氧气供应和pH值，可以促进PHB的积累。利用代谢工程，通过基因敲除和过表达关键酶，可以进一步优化PHB的生物合成途径，提高其合成效率。\npre_knowledge:\n质粒稳定性在微生物代谢工程中的重要性\n聚β-羟基丁酸（PHB）的生物合成途径\n基因工程技术增强质粒稳定性\n环境因素对PHB合成的影响\n代谢工程优化PHB的生物合成途径"
    },
    {
        "query": "环境因素对微生物生长的影响有哪些？",
        "response": "answer: 温度、pH值和氧气是影响微生物生长的主要环境因素。微生物的生长温度一般在0℃到90℃之间，不同种类对pH值有不同的适应性，例如细菌通常在中性至微碱性环境，酵母和霉菌在微酸性环境。此外，微生物分为需氧、厌氧和兼性厌氧类型，氧气的存在与否也会影响它们的生长。\npre_knowledge:\n温度\npH值\n氧气"
    },
    {
        "query": "微生物的突变如何影响其遗传变异？",
        "response": "answer: 微生物的突变可以导致其遗传信息发生改变，影响其生理特性和表型，从而产生遗传变异。这些变异可能使微生物适应新环境、抵抗药物或开发新的代谢途径。\npre_knowledge:\n突变\n自发突变\n诱发突变"
    },
    {
        "query": "微生物在自然界物质循环中的作用是什么？",
        "response": "answer: 微生物通过分解有机物质，参与碳循环和氮循环等，将元素转化为无机形式，供生态系统再利用。\npre_knowledge:\n物质循环\n分解者\n有机物质分解\n碳循环\n氮循环"
    },
    {
        "query": "微生物的基因重组有哪几种方式？",
        "response": "answer: 微生物的基因重组主要有转化、接合和转导三种方式。\npre_knowledge:\n转化\n接合\n转导"
    },
    {
        "query": "什么是质粒？",
        "response": "answer: 质粒是细菌内的一种环状DNA分子，可以携带特定的基因如抗生素抗性基因或代谢基因，并能在细菌间转移。\npre_knowledge:\n质粒\n细菌\nDNA分子\n基因传递"
    },
    {
        "query": "微生物的基因突变有哪些类型？",
        "response": "answer: 微生物的基因突变类型包括点突变、插入突变、缺失突变和移码突变。\npre_knowledge:\n基因突变\n突变类型\n微生物学"
    },
    {
        "query": "延迟期的特征是什么？",
        "response": "answer: 延迟期的特征是细胞代谢活动增强，细胞体积增长较快，但分裂迟缓。\npre_knowledge:\n微生物接种\n新环境适应\n细胞代谢活动\n细胞体积增长\n细胞分裂迟缓"
    },
    {
        "query": "硝化作用的生态意义是什么？",
        "response": "answer: 硝化作用对土壤肥力和水体生态有重要影响，是氮循环的关键过程。\npre_knowledge:\n硝化作用\n氮循环\n生态意义"
    },
    {
        "query": "微生物在碳素循环中的作用是什么？",
        "response": "answer: 微生物在碳素循环中分解有机物并固定碳，从而促进碳元素的循环和生态系统的碳平衡。\npre_knowledge:\n碳素循环\n微生物的作用\n生态系统的碳平衡"
    },
    {
        "query": "微生物的生长曲线包括哪些阶段？",
        "response": "answer: 微生物的生长曲线包括延迟期、对数期、稳定期和衰亡期四个阶段。\npre_knowledge:\n微生物的生长曲线\n延迟期\n对数期\n稳定期\n衰亡期"
    },
    {
        "query": "微生物的生长速率如何测定？",
        "response": "answer: 微生物的生长速率可以通过直接计数法、间接计数法、测定细胞内容物的量和比浊法来测定。\npre_knowledge:\n直接计数法\n间接计数法\n测定细胞内容物的量\n比浊法"
    },
    {
        "query": "微生物的遗传物质主要有哪些形式？",
        "response": "answer: 微生物的遗传物质主要以染色体DNA、质粒DNA和转座子的形式存在。\npre_knowledge:\n染色体DNA\n质粒DNA\n转座子"
    },
    {
        "query": "微生物在氮循环中的作用是什么？",
        "response": "answer: 微生物通过固氮、氨化、硝化和反硝化过程参与氮循环，将氮气转化为可被生物利用的形式，同时也将生物体内的氮化合物返回到大气中。\npre_knowledge:\n氮循环\n固氮菌\n氨化细菌\n硝化细菌\n反硝化细菌"
    },
    {
        "query": "根际微生物对植物的生长有何影响？",
        "response": "answer: 根际微生物能促进植物生长，例如通过分解有机物质、固氮和增强植物抗病性。\npre_knowledge:\n根际\n根际微生物\n共生固氮作用"
    },
    {
        "query": "微生物在食品保存中的作用是什么？",
        "response": "answer: 微生物在食品保存中的作用包括防止腐败和参与发酵过程，通过抑制有害微生物的生长和促进有益微生物的活动来延长食品的保质期。\npre_knowledge:\n食品保存\n微生物在食品保存中的影响\n乳酸菌\n酵母菌"
    },
    {
        "query": "微生物的同步培养技术是什么？",
        "response": "answer: 微生物的同步培养技术是指通过控制培养条件，比如使用机械法中的离心沉降、过滤分离等，使得微生物群体中的所有细胞都保持在同一生长阶段。\npre_knowledge:\n同步培养\n机械法\n离心沉降分离法\n过滤分离法\n硝酸纤维素薄膜法"
    },
    {
        "query": "土壤微生物对植物生长的作用是什么？",
        "response": "answer: 土壤微生物通过分解有机物释放养分，与植物形成共生关系（如固氮作用），并抑制病原微生物，从而促进植物生长和保护植物健康。\npre_knowledge:\n土壤微生物\n植物与微生物的互作\n分解有机物质\n固氮作用\n抑制病原微生物"
    },
    {
        "query": "基因重组对微生物有何影响？",
        "response": "answer: 基因重组增加了微生物的遗传多样性，帮助它们适应环境变化和抵抗压力，还能促进新代谢途径的形成。\npre_knowledge:\n基因重组\n微生物遗传\n遗传多样性"
    },
    {
        "query": "什么是原核微生物？",
        "response": "answer: 原核微生物是指没有核膜包裹的细胞核，只有核区的单细胞或多细胞微生物，主要包括真细菌和古生菌。\npre_knowledge:\n原核生物域prokaryote\n真细菌\n古生菌"
    },
    {
        "query": "细菌的形态有哪些？",
        "response": "answer: 细菌的形态主要有球菌、杆菌和螺旋菌，除此之外还有其他形态如柄杆菌、球衣菌、支原体、星形和方形细菌等。\npre_knowledge:\n球菌\n杆菌\n螺旋菌\n柄杆菌\n球衣菌\n支原体\n星形细菌\n方形细菌"
    },
    {
        "query": "细菌的细胞结构有哪些？",
        "response": "answer: 细菌的细胞结构包括细胞壁、细胞膜、细胞质、核区以及一些特殊结构，如鞭毛、菌毛、糖被(荚膜、微荚膜和黏液层)和芽孢。\npre_knowledge:\n细胞壁\n细胞膜\n细胞质\n核区\n鞭毛\n菌毛\n性毛\n糖被\n芽孢"
    },
    {
        "query": "细菌细胞壁有哪些种类？",
        "response": "answer: 细菌细胞壁主要有肽聚糖和磷壁酸两种类型。\npre_knowledge:\n革兰氏阳性细菌细胞壁\n革兰氏阴性细菌细胞壁\n磷壁酸"
    },
    {
        "query": "细菌细胞壁的功能是什么？",
        "response": "answer: 细菌细胞壁的功能包括维持细胞形状、参与细胞生长和分裂、提供对外来物质的防护以及影响细菌的抗原性和致病性。\npre_knowledge:\n细胞形状维持\n细胞生长与分裂\n外来物质防护\n抗原性与致病性"
    },
    {
        "query": "细胞膜结构是什么样的？",
        "response": "answer: 细胞膜的结构可以用液态镶嵌模型来描述，主要由磷脂双分子层构成，其中包含有流动性的脂质分子和两种类型的蛋白质：整合蛋白与周边蛋白。整合蛋白沉浸在脂质双分子层中，可以横向移动，而周边蛋白则在表面“漂浮”并可作侧向移动。\npre_knowledge:\n液态镶嵌模型\n磷脂双分子层\n整合蛋白\n周边蛋白"
    },
    {
        "query": "细胞膜的生理功能有哪些？",
        "response": "answer: 细胞膜的主要生理功能包括选择性地控制物质运输、维持细胞内渗透压、合成大分子、产能、作为酶和电子传递链的位点以及为鞭毛运动提供能量。\npre_knowledge:\n细胞膜的选择性通透性\n细胞渗透压\n生物大分子合成\n能量代谢\n酶的作用\n鞭毛运动"
    },
    {
        "query": "细胞质的主要成分是什么？",
        "response": "answer: 细胞质的主要成分包括核糖体、储藏物、多种酶类、中间代谢物、质粒、气泡和大分子的单体。\npre_knowledge:\n核糖体\n储藏物\n质粒"
    },
    {
        "query": "质粒按相对分子质量如何分类？",
        "response": "answer: 质粒可以根据相对分子质量分为两类，一类是相对分子质量大于40×10⁶的大型质粒，另一类是相对分子质量小于10×10⁶的小型质粒，还有一些质粒的相对分子质量在这两者之间。\npre_knowledge:\n质粒的分类依据\n相对分子质量\n质粒的复制特性"
    },
    {
        "query": "质粒按复制性质如何进行分类？",
        "response": "answer: 质粒按照复制性质可以被分为严紧型质粒和松弛型质粒。严紧型质粒在细胞染色体复制一次时复制一次，每个细胞内通常只有1~2个拷贝。而松弛型质粒即使在染色体复制停止后仍能继续复制，每个细胞内可有20个或更多的拷贝。\npre_knowledge:\n质粒复制性质\n严紧型质粒\n松弛型质粒"
    },
    {
        "query": "质粒按照功能如何进行分类？",
        "response": "answer: 质粒按照功能可以分为致育因子(F因子)、抗药性质粒(R因子)、大肠杆菌素质粒(Col因子)、金属离子抗性质粒、辐射抗性质粒以及分解性质粒等类型。\npre_knowledge:\n质粒的功能特性\n细菌的有性接合\n抗生素抗性\n大肠杆菌素\n金属离子抗性\n辐射抗性\n分解性质粒"
    },
    {
        "query": "糖被的功能是什么？",
        "response": "answer: 糖被的主要功能包括保护细菌、储藏养料、堆积代谢废物、参与致病过程以及细菌间的信息识别和表面附着作用。\npre_knowledge:\n- 细菌保护机制\n- 能量储存\n- 代谢废物处理\n- 病原菌毒力因子\n- 细菌信息交流\n- 表面附着作用"
    },
    {
        "query": "芽孢形成的阶段有哪些？",
        "response": "answer: 芽孢形成的阶段包括DNA浓缩，束状染色质形成，细胞膜内陷并形成前芽孢，双层隔膜建立，芽孢肽聚糖、DPA和钙离子填充形成皮层，芽孢衣合成，皮层合成完成和芽孢囊裂解。\npre_knowledge:\n芽孢\n皮层\n芽孢衣"
    },
    {
        "query": "芽孢的核心是什么？",
        "response": "answer: 芽孢的核心由芽孢壁、芽孢质膜、芽孢质和核区四部分组成。\npre_knowledge:\n芽孢壁\n芽孢质膜\n芽孢质\n核区"
    },
    {
        "query": "什么是伴孢晶体？",
        "response": "answer: 伴孢晶体是某些芽孢杆菌，如苏云金芽孢杆菌在形成芽孢时，伴随产生的一种菱形或双锥形的碱溶性蛋白晶体，它具有毒性，主要成分是氨基酸。\npre_knowledge:\n芽孢杆菌\n苏云金芽孢杆菌\nδ内毒素"
    },
    {
        "query": "产芽孢的细菌有哪些？",
        "response": "answer: 产芽孢的细菌主要包括革兰氏阳性杆菌的芽孢杆菌属(Bacillus)和梭菌属(Clostridium)，还有球菌的芽孢八叠球菌属(Sporosarcina)、螺菌的孢螺菌属(Sporospirillum)，以及一些其他杆菌如芽孢乳杆菌属(Sporolactobacillus)、脱硫肠状菌属(Desulfotomaculum)、考克斯氏体属(Coxiella)、鼠孢菌属(Sporomusa)和高温放线菌属(Thermoactinomyces)等。\npre_knowledge:\n革兰氏阳性杆菌\n芽孢杆菌属\n梭菌属"
    },
    {
        "query": "什么是细菌的裂殖？",
        "response": "answer: 细菌的裂殖是指细菌通过细胞分裂产生两个相同或相似的子细胞的过程，主要方式有二分裂、三分裂和复分裂。\npre_knowledge:\n细胞分裂\n二分裂\n三分裂\n复分裂"
    },
    {
        "query": "什么是菌落？",
        "response": "answer: 菌落是指单个细菌细胞或少量同种细菌在固体培养基上生长繁殖后形成的肉眼可见的、具有一定形态和构造的子细胞集团。\npre_knowledge:\n微生物学\n细菌培养\n固体培养基"
    },
    {
        "query": "放线菌的形态结构是什么？",
        "response": "answer: 放线菌的形态结构包括基内菌丝、气生菌丝和孢子丝。基内菌丝是营养吸收的部分，气生菌丝则生长在培养基外并向空间延伸，孢子丝能形成孢子进行繁殖。\npre_knowledge:\n放线菌\n基内菌丝\n气生菌丝\n孢子丝"
    },
    {
        "query": "放线菌的菌落特点是什么样的？",
        "response": "answer: 放线菌的菌落一般为圆形或有许多皱褶，菌落由菌丝体组成，有的菌落质地致密、表面呈绒状或坚实、干燥、多皱，有的则呈粉性，易被挑起后粉碎。部分种类的孢子会使菌落呈现不同颜色。在液体培养基中，放线菌能形成斑状、膜状菌落或球状颗粒。\npre_knowledge:\n放线菌的形态特征\n放线菌的繁殖方式\n放线菌的生态环境"
    },
    {
        "query": "酵母菌的细胞结构是什么样的？",
        "response": "answer: 酵母菌的细胞结构包括细胞壁、细胞膜、细胞质、细胞核、液泡、线粒体、微体、内质网、核糖体、芽痕和蒂痕，以及可能存在的其他细胞内含物。\npre_knowledge:\n酵母菌细胞壁\n酵母菌细胞膜\n酵母菌细胞质\n酵母菌细胞核\n酵母菌液泡\n酵母菌微体\n酵母菌质粒\n芽痕和蒂痕\n内质网\n酵母菌线粒体"
    },
    {
        "query": "什么是微生物？",
        "response": "answer: 微生物是形体微小、结构简单的生物，包括单细胞、多细胞或无细胞结构的生物，通常肉眼无法直接看见。\npre_knowledge:\n生物学\n细胞\n微生物学"
    },
    {
        "query": "霉菌的细胞结构是什么？",
        "response": "answer: 霉菌的细胞结构包括细胞壁、细胞膜、细胞质、细胞核以及各种细胞器，如液泡、线粒体、内质网、核糖体和膜边体等。\npre_knowledge:\n霉菌细胞壁\n霉菌细胞膜\n霉菌细胞质和细胞器\n霉菌细胞核"
    },
    {
        "query": "真核微生物和原核微生物细胞壁的差异",
        "response": "answer: 真核微生物如酵母菌的细胞壁主要由葡聚糖、甘露聚糖和蛋白质组成，而原核微生物如细菌的细胞壁主要由肽聚糖构成，支原体没有细胞壁。\npre_knowledge:\n真核微生物\n原核微生物\n肽聚糖\n酵母菌细胞壁结构\n支原体细胞壁"
    },
    {
        "query": "真核微生物和原核微生物鞭毛的差异",
        "response": "answer: 真核微生物的鞭毛比原核微生物的鞭毛更复杂，有“9+2”型的结构，而原核微生物的鞭毛结构简单，主要由基体、钩形鞘和鞭毛丝组成。此外，真核微生物鞭毛的运动方式是挥鞭式，而原核微生物的鞭毛采用旋转马达式运动。\npre_knowledge:\n真核微生物鞭毛\n原核微生物鞭毛\n鞭毛结构\n鞭毛运动机制"
    },
    {
        "query": "什么是病毒？",
        "response": "answer: 病毒是微小的非细胞生物体，它们仅由一个核酸分子（DNA或RNA）和蛋白质组成，并且必须在宿主细胞内才能生存和繁殖。\npre_knowledge:\n- 非细胞型微生物\n- 核酸分子 (DNA 或 RNA)\n- 寄生生活方式\n- 复制方式增殖"
    },
    {
        "query": "病毒的主要特点?",
        "response": "answer: 病毒的主要特点是体积微小，需要借助电子显微镜才能观察；它们没有独立的代谢系统，必须在宿主细胞内复制自己；病毒具有严格的宿主特异性，如动物病毒只能感染动物，植物病毒只能感染植物，噬菌体则只能感染微生物。\npre_knowledge:\n动物病毒\n植物病毒\n噬菌体"
    },
    {
        "query": "病毒分多少个目？",
        "response": "answer: 病毒有6个目。\npre_knowledge:\n病毒学\n微生物学\n生物学"
    },
    {
        "query": "病毒分多少各科？",
        "response": "answer: 病毒有87个科。\npre_knowledge:\n科"
    },
    {
        "query": "病毒分多少个亚科？",
        "response": "answer: 病毒有19个亚科。\npre_knowledge:\n亚科"
    },
    {
        "query": "病毒分多少个属？",
        "response": "answer: 病毒有349个属。\npre_knowledge:\n属"
    },
    {
        "query": "病毒分多少种",
        "response": "answer: 病毒有2284个种。\npre_knowledge:\n种"
    },
    {
        "query": "什么是病原体？",
        "response": "answer: 病原体是指那些能够引起人或动植物疾病的微生物，包括细菌、病毒、真菌、立克次氏体、寄生虫等。\npre_knowledge:\n微生物学\n感染疾病\n病原微生物分类"
    },
    {
        "query": "目前发现的最大病毒是什么？",
        "response": "answer: 目前发现的最大病毒是潘多拉病毒。\npre_knowledge:\n潘多拉病毒\n病毒大小\n微生物学"
    },
    {
        "query": "目前发现的最小病毒是什么？",
        "response": "answer: 目前发现的最小病毒是口蹄疫病毒。\npre_knowledge:\n口蹄疫病毒\n病毒大小"
    },
    {
        "query": "常见的病毒有哪些?",
        "response": "answer: 常见的病毒包括噬菌体、腺病毒、脊髓灰质病毒、烟草花叶病毒、朊病毒、痘病毒、Ebola病毒、狂犬病病毒和类病毒等。\npre_knowledge:\n噬菌体\n腺病毒\n脊髓灰质病毒\n烟草花叶病毒\n朊病毒\n痘病毒\nEbola病毒\n狂犬病病毒\n类病毒"
    },
    {
        "query": "病毒的形态有哪些种?",
        "response": "answer: 病毒的形态包括球形、杆状、丝状、砖型、子弹形和蝌蚪形等。\npre_knowledge:\n正黏病毒\n动物病毒\n植物病毒\n噬菌体"
    },
    {
        "query": "病毒核酸的功能",
        "response": "answer: 病毒核酸的主要功能是作为病毒复制的模板，决定病毒的特性，并在某些情况下具有感染性。\npre_knowledge:\n病毒复制\n遗传信息\n病毒感染机制\n基因组\n突变\n感染性核酸"
    },
    {
        "query": "病毒的正常增殖过程？",
        "response": "answer: 病毒的正常增殖过程包括吸附、穿入、脱壳、生物合成和装配与释放。\npre_knowledge:\n吸附\n穿入\n脱壳\n生物合成\n装配与释放"
    },
    {
        "query": "什么是昆虫病毒   ？",
        "response": "answer: 昆虫病毒是指一类以昆虫为宿主并在昆虫体内增殖，有时会导致昆虫生病或死亡的病毒。\npre_knowledge:\n病毒学\n昆虫学\n宿主-病原体关系"
    },
    {
        "query": "昆虫病毒在形态结构上的突出特点是什么？",
        "response": "answer: 昆虫病毒的突出特点是在宿主细胞内形成多角体，这是一种由多角体蛋白聚集成的蛋白结晶性包含体，能够保护病毒并赋予其感染宿主的能力。\npre_knowledge:\n昆虫病毒\n多角体\n多角体蛋白\n病毒包含体"
    },
    {
        "query": "昆虫病毒的分类？",
        "response": "answer: 昆虫病毒主要分为五类，包括核型多角体病毒、质型多角体病毒、颗粒体病毒、昆虫痘病毒和非包含体病毒。\npre_knowledge:\n病毒分类\n多角体\n细胞核\n细胞质"
    },
    {
        "query": "昆虫病毒分为多少个科?",
        "response": "answer: 昆虫病毒分为7个科。\npre_knowledge:\n杆状病毒科\n呼肠病毒科\n痘病毒科\n细小病毒科\n虹彩病毒科\n弹性病毒科\n小RNA病毒科"
    },
    {
        "query": "什么是类病毒？",
        "response": "answer: 类病毒是一类能感染某些植物的单链闭合环状RNA分子。\npre_knowledge:\nRNA分子\n植物病理学\n微生物学"
    },
    {
        "query": "什么是生长因子？",
        "response": "answer: 生长因子是一类对微生物或生物体细胞生长和分化至关重要的小分子有机化合物，包括但不限于维生素、碱基、嘌呤、嘧啶等，它们通常需要从外界获取，因为生物体自身无法或不能充分合成。\npre_knowledge:\n微生物生长代谢\n细胞因子\n组织创伤修复"
    },
    {
        "query": "大量元素包括？",
        "response": "answer: 大量元素包括磷、硫、镁、钙、钾和钠。\npre_knowledge:\n大量元素\n磷\n硫\n镁\n钙\n钾\n钠"
    },
    {
        "query": "什么是发酵 ？",
        "response": "answer: 发酵是一种生物化学过程，在这个过程中，微生物如酵母或细菌在无氧或有限氧气的情况下，通过氧化还原反应来转化有机物，通常产生酒精、酸或其他代谢产物。\npre_knowledge:\n微生物学\n无氧条件\n氧化还原反应"
    },
    {
        "query": "细胞膜渗透性的调控？",
        "response": "answer: 细胞膜渗透性的调控可以通过生理学或遗传学方法实现，以增加细胞内外物质交换，例如提高代谢产物的分泌效率。\npre_knowledge:\n微生物细胞膜的选择性\n代谢产物的反馈调节\n细胞膜通透性改变技术"
    },
    {
        "query": "病毒的基本结构?",
        "response": "answer: 病毒的基本结构包括病毒核心和衣壳，合称为核衣壳。\npre_knowledge:\n病毒核心\n病毒核酸 (DNA或RNA)\n病毒衣壳\n壳粒"
    },
    {
        "query": "病毒的辅助结构？",
        "response": "answer: 病毒的辅助结构包括包膜和一些附属结构，如纤维刺突或纤突，这些结构可能增加病毒的附着能力和进入宿主细胞的能力。\npre_knowledge:\n1. 包膜\n2. 纤维刺突\n3. 触须样纤维"
    },
    {
        "query": "根据壳粒的排列方式，病毒结构可以分为哪几种对称型？",
        "response": "answer: 病毒结构可以分为螺旋对称型、二十面体对称型和复合对称型。\npre_knowledge:\n病毒学\n壳粒排列\n对称型结构"
    },
    {
        "query": "病毒的化学成分？",
        "response": "answer: 病毒的化学成分主要包括病毒核酸、病毒蛋白质、脂质和糖类。\npre_knowledge:\n病毒核酸\n病毒蛋白质\n脂质与糖类"
    },
    {
        "query": "包膜的主要功能？",
        "response": "answer: 包膜的主要功能包括维护病毒体结构的完整性，使病毒体更稳定；与宿主细胞膜亲和并融合，帮助病毒入侵细胞；以及展示病毒抗原的特异性，参与病毒感染和免疫识别。\npre_knowledge:\n病毒结构\n细胞膜\n免疫反应"
    },
    {
        "query": "病毒的结构？",
        "response": "answer: 病毒的基本结构通常包括遗传物质（DNA或RNA）和蛋白质外壳，而辅助结构可能包括脂质包膜等。\npre_knowledge:\n遗传物质 (DNA 或 RNA)\n蛋白质外壳\n脂质包膜"
    },
    {
        "query": "病毒核酸的主要功能？",
        "response": "answer: 病毒核酸的主要功能包括作为病毒复制的模板，决定病毒的特性，以及在某些情况下具有感染性。\npre_knowledge:\n病毒复制\n遗传信息编码\n病毒特性决定\n核酸变异影响\n感染性核酸"
    },
    {
        "query": "病毒的增殖过程？",
        "response": "answer: 病毒的正常增殖过程包括吸附、侵入、脱壳、生物合成、组装和释放。首先，病毒通过其表面成分与宿主细胞表面受体结合（吸附）。接着，病毒进入细胞内部（侵入），可能是通过胞吞作用或者直接穿膜。然后，病毒的核酸（DNA或RNA）释放出来（脱壳）。在细胞内，病毒利用宿主细胞的机器来复制其遗传物质和制造病毒蛋白（生物合成）。新合成的组件组装成成熟的病毒颗粒，最后，这些病毒通过破坏细胞或利用胞吐作用离开宿主细胞（释放），继续感染其他细胞。\npre_knowledge:\n病毒结构\n宿主细胞受体\n细胞内生物学\n遗传信息复制\n蛋白质合成\n病毒释放机制"
    },
    {
        "query": "亚病毒的分类？",
        "response": "answer: 亚病毒的分类包括类病毒、卫星病毒、卫星RNA和朊病毒。\npre_knowledge:\n类病毒\n卫星病毒\n卫星RNA\n朊病毒"
    },
    {
        "query": "温和噬菌体的溶源状态？",
        "response": "answer: 温和噬菌体的溶源状态是指其感染细菌后不增殖，不裂解宿主，而是将其核酸整合到细菌的染色体DNA中，形成前噬菌体，与细菌染色体一起复制并传递给子代细胞。\npre_knowledge:\n温和噬菌体\n溶源性细菌\n前噬菌体"
    },
    {
        "query": "微生物在环境保护中的应用有什么？",
        "response": "answer: 微生物在环境保护中的应用包括活性污泥法处理污水、生物膜法净化水体、厌氧处理法分解有机废物以及堆肥法转化废弃物为肥料。\npre_knowledge:\n活性污泥法\n生物膜法\n厌氧处理法\n堆肥法"
    },
    {
        "query": "微生物与未来科技有什么？",
        "response": "answer: 微生物在未来的科技发展中，通过微生物传感器、微生物DNA芯片和微生物新材料等形式，对生物工业、环境监测、临床医学以及环保等领域产生重大影响。\npre_knowledge:\n微生物传感器\n微生物DNA芯片\n微生物新材料"
    },
    {
        "query": "什么是微生物的分类鉴定？",
        "response": "answer: 微生物的分类鉴定是通过分析微生物的细胞壁组成、类脂组成、蛋白质序列、核酸碱基组成、特定基因序列以及应用数值分类法等方法，来确定和区分微生物种类的过程。\npre_knowledge:\n细胞壁组成分析\n类脂组成分析\n蛋白质比较分析\n核酸的碱基组成和分子杂交\n16S rRNA或18S rRNA基因序列的测定\n数值分类法"
    },
    {
        "query": "微生物进化指征是如何选择的？",
        "response": "answer: 微生物进化指征的选择通常基于生物大分子，尤其是rRNA，因为它普遍存在、功能重要、序列保守且包含可变区域，适合作为揭示进化关系的“分子尺”。\npre_knowledge:\n表型特征的局限性\n生物大分子的选用标准\nrRNA作为进化指征"
    }
]