[
    {
        "query": "通过恒化连续培养控制微生物的生长",
        "response": "query: 恒化连续培养如何维持细菌的恒定生长速率？\nanswer: 恒化连续培养通过控制培养基的流速来维持细菌的恒定生长速率。当细菌消耗掉培养基中的营养物，特别是生长限制因子时，其浓度会下降。通过自动控制系统调整流速，可以持续补充这些限制因子，从而使它们的浓度保持在较低但足以维持恒定生长速率的水平。\npre_knowledge:\n- 恒化连续培养(Chemostat continuous)\n- 生长限制因子\n- 自动控制系统\n- 营养物浓度与生长速率的关系"
    },
    {
        "query": "如何在工业发酵过程中优化微生物的生长和代谢产物的产量？",
        "response": "query: 如何优化微生物在工业发酵过程中的生长和代谢产物产量？\nanswer: 优化微生物在工业发酵过程中的生长和代谢产物产量可以通过多种策略实现，包括调整发酵条件如pH值、温度和溶氧水平，控制营养物质的浓度，添加前体物或诱导物，以及通过遗传工程改变菌种特性。例如，可以选育抗反馈调节突变株或营养缺陷型菌株，以减少目的产物对代谢途径的抑制；通过变温培养法，在不同生长阶段调整适宜的温度，以促进微生物的生长和代谢产物的积累；还可以利用连续发酵技术，通过持续补充营养和移出产物，保持稳定的生长状态，缩短发酵周期并提高产物均匀性。\npre_knowledge:\n微生物代谢途径\n发酵工艺控制\n菌种遗传特性改变\n代谢调控\n变温培养\n连续发酵"
    },
    {
        "query": "在土壤微生物生态系统中，如何通过调控环境因素和微生物互作来改善农作物的生长？",
        "response": "query: 如何通过调控环境因素和微生物互作来改善农作物的生长？\nanswer: 调控环境因素和微生物互作可以改善农作物生长的方式包括：优化土壤的碳氮比例以减少对植物生长的抑制，增加根际微生物多样性，比如引入固氮菌和分泌植物生长刺激物质的微生物，利用微生物产生的抗生素防治病原菌，以及通过菌根真菌等共生关系增强植物对养分的吸收。此外，还可以通过恒化连续培养等方法调整微生物群落结构，以维持土壤的肥力和健康状态。\npre_knowledge:\n根际微生物\n菌根真菌\n恒化连续培养\n微生物与植物的相互作用\n土壤环境条件对微生物生长的影响"
    },
    {
        "query": "如何通过调控微生物遗传变异和环境因素来提高工业酶的产量？",
        "response": "query: 如何通过调控微生物遗传变异和环境因素来提高工业酶的产量？\nanswer: 提高工业酶产量可以通过微生物遗传变异和环境因素的调控实现。遗传变异可以通过选择营养缺陷型或渗漏缺陷突变株，或者使用物理（如紫外线、γ射线）或化学（如氮芥）诱变方法来创造高产菌种。环境因素的调控包括调整发酵过程中的pH值、溶氧水平和营养物质浓度，以及控制诱导物和前体物的添加，以影响微生物的代谢途径。此外，基因工程也是改造微生物以提高酶产量的重要手段。\npre_knowledge:\n微生物遗传学\n微生物育种\n基因突变育种\n微生物代谢途径\n环境因素对微生物的影响\n基因工程\n变构酶\n酶合成的调节\n微生物发酵工艺\n反馈抑制"
    },
    {
        "query": "如何通过调控微生物的夸克效应和藻蓝蛋白合成途径来提高光生物反应器的效率？",
        "response": "query: 如何通过调控微生物的夸克效应和藻蓝蛋白合成途径来提高光生物反应器的效率？\nanswer: 调控微生物的夸克效应和藻蓝蛋白合成途径可以提高光生物反应器的效率。首先，可以通过基因工程手段增强微生物对光能的吸收能力，例如增加叶绿素或藻蓝蛋白的表达，这可以提高光捕获效率。其次，优化夸克效应，即光诱导的电子传递过程，可以更有效地转化光能为化学能，从而促进光合作用和生物质合成。此外，通过选育或基因改造微生物，消除或减弱代谢产物的反馈抑制，可以增加藻蓝蛋白或其他目标产物的合成，进而提高光生物反应器的生产力。\npre_knowledge:\n微生物代谢途径\n基因工程\n光合作用\n反馈抑制\n藻蓝蛋白\n夸克效应\n光生物反应器"
    },
    {
        "query": "如何通过调控微生物的激素模拟物和异化固氮途径来增强植物根际的养分吸收？",
        "response": "query: 如何通过调控微生物的激素模拟物和异化固氮途径来增强植物根际的养分吸收？\nanswer: 可以通过以下方式调控微生物的激素模拟物和异化固氮途径来增强植物根际的养分吸收：\n1. 应用含有植物生长刺激物质的微生物肥料，例如固氮螺菌属、假单胞菌属等，这些微生物能分泌植物激素，如生长素、吲哚乙酸和赤霉素，促进植物根部生长，从而提高养分吸收。\n2. 利用固氮菌如根瘤菌和固氮菌，它们可以生物固氮，将空气中的氮转化为植物可吸收的形式，增加土壤的氮素供应。\n3. 掺入能够分泌有机酸的微生物肥料，如磷细菌和钾细菌，这些微生物能促进矿物质的溶解，使其更易被植物吸收。\n4. 选择能分泌抗生素类物质的微生物，抑制病原微生物的生长，减少植物病害，增强植物健康，间接提高养分吸收能力。\n\npre_knowledge:\n植物根际微生物\n固氮菌\n植物激素\n微生物肥料\n生物固氮作用\n微生物代谢调节"
    },
    {
        "query": "如何通过调控微生物的质粒稳定性和聚β-羟基丁酸（PHB）合成途径来优化生物塑料的生产？",
        "response": "query: 如何优化生物塑料PHB的生产？\nanswer: 优化生物塑料PHB生产可以通过调控微生物的质粒稳定性和聚β-羟基丁酸合成途径实现。这可能涉及选择或工程化产生PHB的高效菌株，确保其质粒稳定性以维持相关基因表达。此外，调整发酵条件如pH值、营养成分以及细胞膜通透性，可以影响PHB的积累。例如，添加特定的诱导物可以刺激代谢途径，或者通过选育营养缺陷型菌株来减少副产物的生成，从而提高目标产物的产量。\npre_knowledge:\n- 聚羟链烷酸(PHA)\n- 微生物细胞膜通透性调控\n- 营养缺陷型菌株\n- 代谢途径阻遏\n- 发酵工艺控制"
    },
    {
        "query": "环境因素对微生物生长的影响有哪些？",
        "response": "query: 环境因素如何影响微生物的生长？\nanswer: 环境因素，如温度、pH值、营养物质的浓度和比例、渗透压、氧气水平、氧化还原电位等，都会显著影响微生物的生长。例如，适宜的温度可以加速生物化学反应，而过高或过低的温度可能导致微生物生长缓慢或死亡。pH值对微生物的代谢活动至关重要，不同类型的微生物有不同的最佳pH生长范围。营养物质的供应量和比例，如碳氮比，会直接影响微生物的繁殖和代谢产物的形成。此外，某些环境条件，如高盐浓度或特定离子比例，可能会产生毒性效应，而氧气的存在与否对于好氧和厌氧微生物的生长至关重要。\npre_knowledge:\n微生物生长\n物理因素\n化学因素\n营养物质\npH值\n渗透压\n氧气水平\n氧化还原电位"
    },
    {
        "query": "微生物的突变如何影响其遗传变异？",
        "response": "query: 微生物的突变如何影响其遗传变异？\nanswer: 微生物的突变导致其遗传物质的分子结构或数量发生变化，这些变化可以是基因突变，如碱基置换和移码突变，或者是染色体的大段变异。这些突变引入了新的遗传特性，从而引起遗传变异。突变株可能表现为营养缺陷、抗性、形态变化或其他生理特性的改变。这些变异在微生物的自然遗传进化中起着关键作用，并在微生物育种中被用来创造具有特定优势的菌株。\npre_knowledge:\n微生物遗传变异\n基因突变\n染色体畸变\n遗传进化\n微生物育种"
    },
    {
        "query": "微生物在自然界物质循环中的作用是什么？",
        "response": "query: 微生物在碳素循环中的作用是什么？\nanswer: 微生物在碳素循环中通过光合作用将大气中的CO2转化为有机物，同时也参与有机物的矿化和分解，将有机碳释放回大气中形成CO2。\npre_knowledge:\n碳素循环\n光合作用\n有机物矿化"
    },
    {
        "query": "微生物的基因重组有哪几种方式？",
        "response": "query: 微生物的基因重组有哪些方式？\nanswer: 微生物的基因重组主要包括转化、转导、接合、原生质体融合以及基因工程。\npre_knowledge:\n原核微生物基因重组\n转化\n转导\n接合\n原生质体融合\n基因工程"
    },
    {
        "query": "什么是质粒？",
        "response": "query: 什么是质粒？\nanswer: 质粒是存在于原核生物中的一种小型共价闭合环状DNA分子，通常携带额外的遗传信息，如抗性基因或代谢功能。它们能够独立于染色体复制，并且在某些情况下可以在不同菌株间转移。\npre_knowledge:\n原核生物\nDNA分子\n遗传信息\n染色体\n抗性基因\n转移性"
    },
    {
        "query": "微生物的基因突变有哪些类型？",
        "response": "query: 微生物的基因突变有哪些类型？\nanswer: 微生物的基因突变类型包括点突变（碱基置换和移码突变）、染色体的缺失、重复、倒位等结构变异，以及营养缺陷型、抗性突变型、形态突变型和产量突变型等选择性突变。非选择性突变则有形态突变和产量突变等。\npre_knowledge:\n基因突变\n点突变\n染色体畸变\n营养缺陷型\n抗性突变型\n形态突变型\n产量突变型"
    },
    {
        "query": "延迟期的特征是什么？",
        "response": "query: 延迟期的特征是什么？\nanswer: 延迟期是微生物生长的初期阶段，细胞适应新环境并调整代谢的过程。在这个阶段，细胞生长缓慢，代谢活动逐渐增强，直到达到适宜的生长条件。这个时期可能由于底物利用策略、酶的合成调节以及细胞膜通透性的变化而延长。\npre_knowledge:\n微生物生长周期\n细胞代谢\n底物利用策略\n酶合成调节\n细胞膜通透性"
    },
    {
        "query": "硝化作用的生态意义是什么？",
        "response": "query: 硝化作用的生态意义是什么？\nanswer: 硝化作用在生态系统中具有重要意义，因为它将氨态氮转化为硝酸态氮，这个过程是植物可吸收的氮形态之一，支持了植物生长和氮循环。然而，过度的硝化作用会导致硝酸盐在水体中的积累，可能引起水体富营养化，对水质产生负面影响。\npre_knowledge:\n氨态氮\n硝酸态氮\n水体富营养化\n氮循环"
    },
    {
        "query": "微生物在碳素循环中的作用是什么？",
        "response": "query: 微生物在碳素循环中的作用是什么？\nanswer: 微生物在碳素循环中起到关键作用，它们能够通过多种途径固定和转化碳。化能自养型微生物利用无机物氧化产生的能量将CO2转化为有机物，而某些厌氧条件下的细菌如产甲烷菌可以将CO2还原为CH4。此外，不同类型的微生物，如枯草芽孢杆菌、真菌和放线菌等，能够分解有机物产生CO2，从而参与碳的再生过程。\npre_knowledge:\n碳素循环\n化能自养型微生物\n产甲烷细菌\n有机物分解\n微生物分类（如枯草芽孢杆菌、真菌、放线菌）"
    },
    {
        "query": "微生物的生长曲线包括哪些阶段？",
        "response": "query: 微生物的生长曲线包括哪些阶段？\nanswer: 微生物的生长曲线通常包括四个阶段：延迟期（lag phase）、对数期（log phase或exponential phase）、稳定期（stationary phase）和衰亡期（decline phase）。\npre_knowledge:\n微生物生长\n延迟期\n对数期\n稳定期\n衰亡期"
    },
    {
        "query": "微生物的生长速率如何测定？",
        "response": "query: 微生物生长速率如何测定？\nanswer: 微生物生长速率可以通过直接计数法、间接计数法、测定细胞内容物的量以及对于丝状微生物菌丝长度的测定来测定。例如，对于液体培养基中的微生物群体，可以通过观察细胞数量随时间的变化绘制生长曲线来确定生长速率；对于固体培养基上的丝状微生物，可以通过定期测量菌丝长度来评估生长速度。\npre_knowledge:\n微生物群体生长曲线\n直接计数法\n间接计数法\n细胞内容物测定\n丝状微生物菌丝长度测定"
    },
    {
        "query": "微生物的遗传物质主要有哪些形式？",
        "response": "query: 微生物的遗传物质主要有哪些形式？\nanswer: 微生物的遗传物质主要包括核染色体（核基因组）、核外遗传因子（如质粒，如F质粒、R质粒、Col质粒、Ti质粒等）以及细胞质基因（如线粒体、叶绿体等）。\npre_knowledge:\n核基因组\n核外遗传因子\n细胞质基因\n质粒\nF质粒\nR质粒\nCol质粒\nTi质粒"
    },
    {
        "query": "微生物在氮循环中的作用是什么？",
        "response": "query: 微生物在氮循环中的作用是什么？\nanswer: 微生物在氮循环中主要通过生物固氮作用将氮气转化为氨，使得氮能够被植物吸收利用，参与蛋白质和核酸的合成。此外，它们还能通过硝化和反硝化过程将氨转化为硝酸盐和亚硝酸盐，或者将这些硝态氮还原回氮气，从而维持氮循环的平衡。\npre_knowledge:\n氮循环\n生物固氮\n硝化作用\n反硝化作用\n微生物生态学"
    },
    {
        "query": "根际微生物对植物的生长有何影响？",
        "response": "query: 根际微生物对植物生长有哪些益处和潜在的害处？\nanswer: 根际微生物可以分泌植物生长刺激物质，如维生素和氨基酸，有助于植物生长；固氮菌能进行生物固氮，提供植物所需的氮素；它们还能分泌抗生素，保护植物免受病原菌侵害。然而，当土壤碳氮比例过高时，根际微生物活动可能导致植物生长受抑制。\npre_knowledge:\n根际微生物\n植物生长刺激物质\n生物固氮\n抗生素\n土壤碳氮比例"
    },
    {
        "query": "微生物在食品保存中的作用是什么？",
        "response": "query: 微生物在食品保存中的作用是什么？\nanswer: 微生物在食品保存中的作用主要是通过抑制或控制有害微生物的生长，防止食品腐败变质。冷藏和冷冻等方法可以减缓或停止微生物的生长，延长食品的保质期。此外，某些益生菌可以用于制作发酵食品，如酸奶，它们通过产生乳酸来抑制有害菌的生长，同时增加食品的营养价值和口感。\npre_knowledge:\n冷藏法\n冷冻法\n益生菌\n发酵食品"
    },
    {
        "query": "微生物的同步培养技术是什么？",
        "response": "query: 微生物的同步培养技术是什么？\nanswer: 微生物同步培养技术是一种使培养的微生物群体处于同一生长水平和发育阶段的培养方法，目的是为了能够在研究中更好地理解和分析单个细胞的行为。这通常通过控制细胞的生长和使用特定方法（如离心沉降分离法）来实现。\npre_knowledge:\n微生物生长阶段\n离心沉降分离法\n同步培养物"
    },
    {
        "query": "土壤微生物对植物生长的作用是什么？",
        "response": "query: 土壤微生物对植物生长有什么影响？\nanswer: 土壤微生物能够通过固氮、分泌植物生长刺激物质、产生抗生素对抗病原菌、提高土壤肥力和增强植物抗性等方式促进植物生长。例如，根瘤菌和固氮螺菌能固氮，提供植物所需的氮素；某些微生物能分泌生长素、吲哚乙酸和赤霉素等植物激素，调节植物生长发育；同时，它们还能抑制病原微生物活动，增强植物对病虫害的抵抗力。\npre_knowledge:\n- 生物固氮\n- 植物激素\n- 抗生素\n- 根际微生物\n- 植物内生菌\n- 土壤肥力\n- 植物抗逆性"
    },
    {
        "query": "基因重组对微生物有何影响？",
        "response": "query: 基因重组对微生物有什么影响？\nanswer: 基因重组使得微生物能够产生新的遗传型个体，这可能导致微生物的变异和适应性变化，例如增加对抗生素的耐药性、改变代谢途径或者增强环境适应能力。这种变异对于微生物的进化和菌种改良具有重要意义。\npre_knowledge:\n微生物遗传变异\n基因重组\n遗传型变化"
    },
    {
        "query": "什么是原核微生物？",
        "response": "query: 什么是原核微生物？\nanswer: 原核微生物是指一类没有核膜包裹的细胞核，不含有核仁，细胞器较少的单细胞或多细胞微生物，如细菌和古生菌。\npre_knowledge:\n- 查顿\n- Copeland\n- 电子显微镜\n- 分子生物学技术\n- 真核微生物\n- 非细胞微生物\n- 原核生物\n- DNA\n- 肽聚糖\n- 内含子\n- 古生菌\n- 细菌\n- 放线菌\n- 蓝细菌\n- 支原体\n- 立克次氏体\n- 衣原体\n- 革兰氏染色法"
    },
    {
        "query": "细菌的形态有哪些？",
        "response": "query: 细菌有哪些基本形态？\nanswer: 细菌的基本形态包括球菌、杆菌和螺旋菌。\npre_knowledge:\n球菌\n杆菌\n螺旋菌"
    },
    {
        "query": "细菌的细胞结构有哪些？",
        "response": "query: 细菌的细胞结构包括哪些组成部分？\nanswer: 细菌的细胞结构主要包括细胞壁、细胞膜、细胞质、核区（核质体、原核、拟核或核基因组）以及一些特殊结构如鞭毛、菌毛、糖被（如荚膜、微荚膜和黏液层）。此外，某些细菌还可能形成芽孢作为休眠体。\npre_knowledge:\n细胞壁\n细胞膜\n细胞质\n核区\n鞭毛\n菌毛\n糖被\n芽孢"
    },
    {
        "query": "细菌细胞壁有哪些种类？",
        "response": "query: 细菌细胞壁有哪些种类？\nanswer: 细菌细胞壁主要分为革兰氏阳性细菌和革兰氏阴性细菌的细胞壁，此外还包括抗酸细菌和古生菌的细胞壁。\npre_knowledge:\n革兰氏染色法\n肽聚糖\n磷壁酸\n类脂质\n蛋白质\nL型细菌\n抗酸细菌\n古生菌细胞壁"
    },
    {
        "query": "细菌细胞壁的功能是什么？",
        "response": "query: 细菌细胞壁的主要功能是什么？\nanswer: 细菌细胞壁的主要功能是保护细胞，维持细胞形态，防止细胞过度膨胀并在高渗环境中保持稳定。它还为细胞提供抗原性，影响致病性和对抗生素及噬菌体的敏感性。\npre_knowledge:\n细胞结构\n肽聚糖\n溶菌酶\n青霉素\n革兰氏染色"
    },
    {
        "query": "细胞膜结构是什么样的？",
        "response": "query: 细胞膜主要由什么构成？\nanswer: 细胞膜主要由磷脂双分子层、内嵌蛋白和周边蛋白构成，形成了液态镶嵌模型。\npre_knowledge:\n磷脂双分子层\n内嵌蛋白\n周边蛋白\n液态镶嵌模型"
    },
    {
        "query": "细胞膜的生理功能有哪些？",
        "response": "query: 细胞膜的生理功能有哪些？\nanswer: 细胞膜的生理功能包括控制物质进出细胞、维持细胞内正常渗透压、参与能量转换以及作为细胞识别和信号转导的场所。\npre_knowledge:\n磷脂双分子层\n蛋白质\n液态镶嵌模型\n细胞内渗透压\n能量转换\n细胞识别\n信号转导"
    },
    {
        "query": "细胞质的主要成分是什么？",
        "response": "query: 细胞质的主要成分是什么？\nanswer: 细胞质的主要成分包括水、细胞器（如线粒体、内质网、核糖体等）、以及各种有机分子如蛋白质、糖类、脂质等。\npre_knowledge:\n细胞膜\n线粒体\n内质网\n核糖体\n有机分子"
    },
    {
        "query": "质粒按相对分子质量如何分类？",
        "response": "query: 质粒如何按照相对分子质量分类？\nanswer: 质粒按照相对分子质量可以分为不同类型，例如小质粒、中等大小质粒和巨大质粒。小质粒的相对分子质量通常在4×10^6到20×10^6之间，中等大小质粒在40×10^6到200×10^6之间，而巨大质粒则大于200×10^6，甚至可达300×10^6。\npre_knowledge:\n1. 质粒的相对分子质量范围\n2. 小质粒\n3. 中等大小质粒\n4. 巨大质粒"
    },
    {
        "query": "质粒按复制性质如何进行分类？",
        "response": "query: 质粒如何按照复制性质分类？\nanswer: 质粒按照复制性质可以分为严紧型和松弛型复制控制。严紧型质粒的复制与核基因组同步，而松弛型质粒的复制不在同一时间进行，它们的拷贝数在细胞分裂时可能会有较大的变化。\npre_knowledge:\n严紧型复制控制\n松弛型复制控制\n质粒复制机制"
    },
    {
        "query": "质粒按照功能如何进行分类？",
        "response": "query: 质粒如何按照功能分类？\nanswer: 质粒可以根据其功能分为以下几类：1) 致育因子(F因子)，与细菌的有性接合有关；2) 抗药性质粒(R因子)，赋予细菌对抗生素的抗性；3) 大肠杆菌素质粒，如Cd2+质粒；4) 对紫外线或X射线具有抗性的质粒；5) 分解性质粒，可以分解化学物质，如樟脑、二甲苯；6) 巨大质粒，如在根瘤菌中发现的大型质粒；7) 生理功能性质粒，如产丙酮丁醇质粒或产抗生素质粒；8) 隐秘质粒，可能没有明显的表型效应。\npre_knowledge:\n- 质粒\n- 功能性基因\n- 细菌性状\n- 分解代谢\n- 抗生素抗性\n- 基因重组"
    },
    {
        "query": "糖被的功能是什么？",
        "response": "query: 糖被的功能是什么？\nanswer: 糖被的功能包括保护细胞、提供机械强度、参与细胞识别和细胞间的相互作用。它还能作为某些噬菌体的吸附受体，并在细胞表面展示抗原决定簇。\npre_knowledge:\n细胞识别\n细胞保护\n噬菌体吸附受体\n细胞间相互作用"
    },
    {
        "query": "芽孢形成的阶段有哪些？",
        "response": "query: 芽孢形成的阶段有哪些？\nanswer: 芽孢形成可以分为七个阶段：1) DNA浓缩；2) 细胞膜内陷；3) 前芽孢的双层隔膜形成；4) 充填芽孢肽聚糖并合成DPA，累积钙离子；5) 芽孢衣合成结束；6) 皮层合成完成，芽孢成熟，抗热性出现；7) 芽孢囊裂解，芽孢游离外出。\npre_knowledge:\n芽孢\n细菌\nDNA浓缩\n细胞膜内陷\n芽孢肽聚糖\nDPA\n钙离子\n芽孢衣\n皮层\n芽孢囊裂解"
    },
    {
        "query": "芽孢的核心是什么？",
        "response": "query: 芽孢的核心是什么？\nanswer: 芽孢的核心是芽孢内含物，它具有非常低的含水量，约为10%至25%，这使得芽孢具有很强的耐热性和抗化学药物的能力。\npre_knowledge:\n芽孢的构造\n芽孢内含物\n芽孢的抗性特性"
    },
    {
        "query": "什么是伴孢晶体？",
        "response": "query: 什么是伴孢晶体？\nanswer: 伴孢晶体是某些芽孢杆菌，如苏云金芽孢杆菌在形成芽孢的过程中产生的一种蛋白质结晶，它对许多昆虫幼虫具有毒性，常用于生物杀虫剂。\npre_knowledge:\n芽孢杆菌\n苏云金芽孢杆菌\n昆虫幼虫\n生物杀虫剂"
    },
    {
        "query": "产芽孢的细菌有哪些？",
        "response": "query: 产芽孢的细菌有哪些种类？\nanswer: 产芽孢的细菌主要包括好氧性的芽孢杆菌属(Bacillus)和厌氧性的梭菌属(Clostridium)，此外还有芽孢八叠球菌属(Sporosarcina)以及一些其他杆菌，如芽孢乳杆菌属(Sporolactobacillus)、脱硫肠状菌属(Desulfotomaculum)等。\npre_knowledge:\n好氧性的芽孢杆菌属(Bacillus)\n厌氧性的梭菌属(Clostridium)\n芽孢八叠球菌属(Sporosarcina)\n芽孢乳杆菌属(Sporolactobacillus)\n脱硫肠状菌属(Desulfotomaculum)"
    },
    {
        "query": "什么是细菌的裂殖？",
        "response": "query: 细菌的裂殖是什么？\nanswer: 细菌的裂殖是一种无性繁殖方式，其中细菌细胞通过分裂成两个相同的新细胞来增殖。在这个过程中，一个母细胞复制其DNA，随后细胞膜和细胞壁在中间增长，最终分离成两个独立的子细胞。\npre_knowledge:\n无性繁殖\n细胞分裂\nDNA复制"
    },
    {
        "query": "什么是菌落？",
        "response": "query: 什么是菌落？\nanswer: 菌落是由一个或一小堆同种细胞在固体培养基表面形成的，具有一定形态和构造特征的细胞集团。在培养基上，它们可以表现为不同形态，如光滑、湿润或者有特定颜色。菌落是微生物鉴定的重要形态指标。\npre_knowledge:\n细胞\n固体培养基\n微生物鉴定"
    },
    {
        "query": "放线菌的形态结构是什么？",
        "response": "query: 放线菌的形态结构有哪些特征？\nanswer: 放线菌的形态结构包括基内菌丝、气生菌丝和孢子丝。基内菌丝生长在培养基内部，气生菌丝则从基内菌丝延伸到空气中，孢子丝在适宜条件下会形成孢子。孢子的表面结构、形状、颜色以及是否含有色素是菌种鉴定的重要依据。放线菌的菌落可以是絮状、粉状或颗粒状，有的含有色素并带有特定的气味。\npre_knowledge:\n原核生物\n革兰氏染色\n孢子形成\n细胞壁结构\n菌落形态"
    },
    {
        "query": "放线菌的菌落特点是什么样的？",
        "response": "query: 放线菌的菌落特点是什么？\nanswer: 放线菌的菌落生长缓慢，通常分枝多且相互缠绕，菌落较小且不蔓延。营养菌丝生长在培养基内，可能是光滑的或呈发状缠结。气生菌丝有时会形成同心环状，进而形成絮状、粉状或颗粒状的典型菌落。某些种类的孢子可能含有色素并带有特定气味。另外，像诺卡氏放线菌这样的菌落，黏着力较差，结构呈粉性，可以形成斑状或膜状菌落。\npre_knowledge:\n放线菌\n菌落特征\n诺卡氏放线菌\n气生菌丝\n营养菌丝"
    },
    {
        "query": "酵母菌的细胞结构是什么样的？",
        "response": "query: 酵母菌的细胞结构包括哪些主要组成部分？\nanswer: 酵母菌的细胞结构主要包括细胞壁、细胞膜、细胞质、细胞核以及各种细胞器，如线粒体。细胞壁由甘露聚糖和葡聚糖组成，细胞膜含有甘露聚糖、蛋白质和脂类，细胞核内有染色体，线粒体负责氧化磷酸化和ATP的生成。\npre_knowledge:\n细胞壁\n细胞膜\n细胞质\n细胞核\n线粒体\n甘露聚糖\n葡聚糖\n染色体\nATP"
    },
    {
        "query": "什么是微生物？",
        "response": "query: 什么是微生物？\nanswer: 微生物是无细胞结构或单细胞的低等生物，包括核细菌、放线菌、病毒、酵母菌、霉菌等，它们体积微小，代谢旺盛，种类繁多。\npre_knowledge:\n- 无细胞结构的生物\n- 单细胞生物\n- 病毒\n- 酵母菌\n- 霉菌\n- 列文虎克的发现\n- 科赫和巴斯德在微生物学的贡献"
    },
    {
        "query": "霉菌的细胞结构是什么？",
        "response": "query: 霉菌的细胞壁主要由什么构成？\nanswer: 霉菌细胞壁主要由几丁质、蛋白质以及可能的糖蛋白网层、葡聚糖蛋白质层和葡聚糖层构成。\npre_knowledge:\n几丁质\n蛋白质\n糖蛋白\n葡聚糖蛋白质\n葡聚糖"
    },
    {
        "query": "真核微生物和原核微生物细胞壁的差异",
        "response": "query: 真核微生物和原核微生物细胞壁的主要区别是什么？\nanswer: 真核微生物如酵母菌的细胞壁主要由葡聚糖、甘露聚糖和蛋白质构成，而原核微生物如细菌的细胞壁主要由肽聚糖构成。支原体则不具有细胞壁。\npre_knowledge:\n真核微生物细胞壁成分\n原核微生物细胞壁成分\n支原体细胞结构"
    },
    {
        "query": "真核微生物和原核微生物鞭毛的差异",
        "response": "query: 真核微生物和原核微生物鞭毛有何不同？\nanswer: 真核微生物的鞭毛较粗，横切面呈“9+2”型结构，而原核微生物的鞭毛结构简单，其运动方式为旋转马达式。\npre_knowledge:\n原核微生物鞭毛结构\n真核微生物鞭毛结构\n细胞生物学"
    },
    {
        "query": "什么是病毒？",
        "response": "query: 什么是病毒？\nanswer: 病毒是一类体积微小、具有遗传物质和高度寄生性的感染性生物体，它们无法独立复制，必须在宿主细胞内利用宿主的细胞机制进行增殖。病毒的大小通常在10到100纳米之间，但有些如潘多拉病毒(Pandoravirus)可以达到约1微米。病毒的结构包括核心（包含遗传物质）和衣壳（由蛋白质组成），有些病毒还具有包膜，包膜上含有刺突蛋白。病毒可以有DNA或RNA作为其遗传物质，并且能够引起各种疾病。\npre_knowledge:\n- 遗传物质\n- 寄生性\n- 宿主细胞\n- 病毒大小范围\n- 病毒结构（核心、衣壳、包膜、刺突蛋白）\n- DNA病毒和RNA病毒"
    },
    {
        "query": "病毒的主要特点?",
        "response": "query: 病毒的主要特点是什么？\nanswer: 病毒的主要特点是体积微小，无完整的细胞结构，只能在活细胞内寄生并复制，含有DNA或RNA作为遗传物质，对干扰素敏感但对抗生素不敏感。它们具有高度的遗传变异性和进化能力，并且根据形态结构可以分为不同的对称类型，如二十面体对称型、螺旋对称型和复合对称型。\npre_knowledge:\n病毒的体积\n细胞结构\n病毒的遗传物质\n干扰素\n抗生素\n遗传变异性和进化能力\n病毒的对称类型"
    },
    {
        "query": "病毒分多少个目？",
        "response": "query: 病毒分多少个目？\nanswer: 病毒分为6个目。\npre_knowledge:\n病毒种类繁多\n病毒的分类体系\n病毒的生物学特性"
    },
    {
        "query": "病毒分多少各科？",
        "response": "query: 病毒有多少个科？\nanswer: 病毒分为87个科。\npre_knowledge:\n病毒分类\n微生物学\n病毒学"
    },
    {
        "query": "病毒分多少个亚科？",
        "response": "query: 病毒有多少个亚科？\nanswer: 病毒有19个亚科。\npre_knowledge:\n病毒分类\n病毒科\n病毒亚科"
    },
    {
        "query": "病毒分多少个属？",
        "response": "query: 病毒分多少个属？\nanswer: 病毒分为349个属。\npre_knowledge:\n病毒种类繁多\n病毒分类包括属和种\n病毒学基础概念"
    },
    {
        "query": "病毒分多少种",
        "response": "query: 病毒有多少种？\nanswer: 截至2012年，已经分类的病毒有2284个种。\npre_knowledge:\n病毒分类\n病毒科\n病毒目"
    },
    {
        "query": "什么是病原体？",
        "response": "query: 什么是病原体？\nanswer: 病原体是指能够引起生物体（包括人）生病的微生物，如细菌、病毒、真菌等。它们在一定条件下可以侵入宿主机体，导致疾病的发生。\npre_knowledge:\n微生物\n感染\n免疫功能\n传染性疾病\n病原微生物的致病作用"
    },
    {
        "query": "目前发现的最大病毒是什么？",
        "response": "query: 目前发现的最大病毒是什么？\nanswer: 目前发现的最大病毒是潘多拉病毒(Pandoravirus)。\npre_knowledge:\n病毒大小\nMimivirus\nPandoravirus属"
    },
    {
        "query": "目前发现的最小病毒是什么？",
        "response": "query: 目前发现的最小病毒是什么？\nanswer: 目前发现的最小病毒是类病毒，它们的直径大约在30纳米左右。\npre_knowledge:\n类病毒\n病毒大小\n亚病毒"
    },
    {
        "query": "常见的病毒有哪些?",
        "response": "query: 常见的病毒有哪些?\nanswer: 常见的病毒包括噬菌体、动物病毒、植物病毒、卫星病毒以及卫星RNA等。比如，噬菌体可以感染细菌，动物病毒能引起人类和动物的多种疾病，植物病毒如烟草花叶病毒影响植物生长，卫星病毒则需要依赖其他病毒来完成其生命周期。\npre_knowledge:\n噬菌体\n动物病毒\n植物病毒\n卫星病毒\n卫星RNA"
    },
    {
        "query": "病毒的形态有哪些种?",
        "response": "query: 病毒的形态有哪些种类?\nanswer: 病毒的形态主要有三种：球形或近似球形（大多数动物病毒）、杆状或丝状（植物病毒，如痘病毒）、子弹形（如狂犬病病毒）。此外，还有螺旋对称型、二十面体对称型和复合对称型这三种结构类型。\npre_knowledge:\n电子显微镜的发明\n病毒的寄生性\n病毒的化学组成（核酸和蛋白质）"
    },
    {
        "query": "病毒核酸的功能",
        "response": "query: 病毒核酸的作用是什么？\nanswer: 病毒核酸是病毒的遗传物质，它的主要功能包括作为病毒复制的模板，复制出大量的子代核酸，以及编码病毒的所有遗传信息。病毒核酸还能转录生成病毒mRNA，决定病毒的特性，并通过遗传给子代病毒，保持其亲代的特性。如果病毒核酸发生变异，可能会导致病毒的性质改变。\npre_knowledge:\n病毒的遗传物质\n病毒复制\n基因编码\n遗传信息\n突变"
    },
    {
        "query": "病毒的正常增殖过程？",
        "response": "query: 病毒如何正常增殖？\nanswer: 病毒通过吸附、穿入、脱壳、生物合成、装配和释放等步骤进行增殖。首先，病毒粒子与宿主细胞表面的特异性受体结合，然后进入细胞。接着，病毒核酸复制并合成病毒蛋白质。在组装成完整病毒颗粒后，病毒通过溶细胞性释放或出芽等方式离开宿主细胞，完成增殖周期。\npre_knowledge:\n病毒结构\n病毒吸附\n病毒核酸复制\n病毒装配\n病毒释放"
    },
    {
        "query": "什么是昆虫病毒   ？",
        "response": "query: 什么是昆虫病毒？\nanswer: 昆虫病毒是指专门感染昆虫并导致其生病甚至死亡的病原体，它们可以在宿主细胞内形成多角体来保护自己免受环境影响。昆虫病毒包括核型多角体病毒、质型多角体病毒、颗粒体病毒、昆虫痘病毒和非包含体病毒等多种类型。\npre_knowledge:\n昆虫\n病毒\n多角体\n杆状病毒科\n核型多角体病毒\n颗粒体病毒"
    },
    {
        "query": "昆虫病毒在形态结构上的突出特点是什么？",
        "response": "query: 昆虫病毒在形态结构上的突出特点是什么？\nanswer: 昆虫病毒的一个显著特点是许多病毒会在宿主细胞内形成多角体，这是一种由多角体蛋白聚集成的蛋白结晶性包含体，具有保护病毒的功能。此外，昆虫病毒的形态多样，包括核型多角体病毒、质型多角体病毒、颗粒体病毒、昆虫痘病毒以及非包含体病毒，它们的形状可以是卵形、椭圆形、长卵形等，且大小各异。\npre_knowledge:\n1. 多角体\n2. 核型多角体病毒\n3. 质型多角体病毒\n4. 颗粒体病毒\n5. 昆虫痘病毒\n6. 非包含体病毒\n7. 病毒形态多样性"
    },
    {
        "query": "昆虫病毒的分类？",
        "response": "query: 昆虫病毒有哪些主要分类？\nanswer: 昆虫病毒的主要分类包括核型多角体病毒、质型多角体病毒、颗粒体病毒、昆虫痘病毒和非包含体病毒。这些病毒根据它们在宿主细胞内的形态和存在方式来区分，例如核型多角体病毒会在细胞核内形成多角体，而颗粒体病毒则有特定形状的包含体存在于细胞核或细胞质内。\npre_knowledge:\n- 昆虫病毒\n- 核型多角体病毒\n- 质型多角体病毒\n- 颗粒体病毒\n- 昆虫痘病毒\n- 非包含体病毒\n- 包含体\n- 杆状病毒科\n- 呼肠病毒科\n- 痘病毒科\n- Parvoviridae\n- Iridoviridae\n- Rhabdoviridae\n- Picornaviridae"
    },
    {
        "query": "昆虫病毒分为多少个科?",
        "response": "query: 昆虫病毒分为多少个科？\nanswer: 昆虫病毒分为6个科，包括Baculoviridae、Reoviridae、Poxviridae、Parvoviridae、Iridoviridae和Rhabdoviridae。\npre_knowledge:\n昆虫病毒\n病毒分类\n科"
    },
    {
        "query": "什么是类病毒？",
        "response": "query: 什么是类病毒？\nanswer: 类病毒是一类能感染某些植物的单链闭合环状RNA分子，它们没有蛋白质外壳，能导致宿主致病或死亡。\npre_knowledge:\n单链RNA\n植物病毒\nRNA分子结构"
    },
    {
        "query": "什么是生长因子？",
        "response": "query: 什么是生长因子？\nanswer: 生长因子是一类对微生物生长至关重要的营养物质，包括维生素、氨基酸和嘌呤或啶碱基等，某些微生物需要它们才能正常生长。\npre_knowledge:\n微生物代谢\n细胞结构组成\n营养要素\n微生物类型（自养型、异养型）\n营养缺陷型微生物\n维生素功能\n氨基酸作用\n嘌呤和啶碱基"
    },
    {
        "query": "大量元素包括？",
        "response": "query: 大量元素包括哪些？\nanswer: 大量元素主要包括磷和硫，它们在微生物细胞的核酸、磷脂、含磷化合物以及含硫氨基酸的合成中起到关键作用。此外，还包括碳、氢、氧、氮，它们是所有生物体有机元素的基础。\npre_knowledge:\n微生物细胞组成\n无机盐在微生物生长中的作用\n有机物与无机物在微生物干物质中的比例\n大量营养物定义"
    },
    {
        "query": "什么是发酵 ？",
        "response": "query: 什么是发酵？\nanswer: 发酵是一种在厌氧或缺氧条件下，微生物通过氧化还原反应分解有机物，产生各种代谢产物的过程。在发酵过程中，微生物利用有机物质作为电子供体和受体，释放出部分能量，通常形成如酒精、乳酸等副产品。例如，酵母菌进行酒精发酵时，会将葡萄糖转化为乙醇和二氧化碳。\npre_knowledge:\n微生物\n厌氧条件\n氧化还原反应\n酒精发酵\n乳酸发酵"
    },
    {
        "query": "细胞膜渗透性的调控？",
        "response": "query: 细胞膜如何调控物质的进出？\nanswer: 细胞膜通过其液态镶嵌模型中的脂质双分子层和不同类型的蛋白质来调控物质的进出。物质可以通过单纯扩散、促进扩散、主动运输和基团移位等方式穿越细胞膜。单纯扩散依赖物质的脂溶性和浓度梯度；促进扩散需要载体蛋白的帮助，且不消耗能量；主动运输则逆浓度梯度进行，需要能量和透过酶；基团移位是通过磷酸化或化学修饰将物质从细胞膜的一侧转移到另一侧。\npre_knowledge:\n液态镶嵌模型\n脂质双分子层\n蛋白质（包括载体蛋白、透过酶）"
    },
    {
        "query": "病毒的基本结构?",
        "response": "query: 病毒的基本结构包括什么？\nanswer: 病毒的基本结构包括核心（nucleocapsid），其中包含病毒的核酸。有些病毒还具有包膜（envelope），包膜上可能有蛋白质刺突（spike）。无包膜的病毒被称为裸露病毒，而有包膜的病毒称为包膜病毒。\npre_knowledge:\n- 病毒核心\n- 包膜\n- 蛋白质刺突\n- 裸露病毒\n- 包膜病毒"
    },
    {
        "query": "病毒的辅助结构？",
        "response": "query: 病毒的辅助结构有哪些？\nanswer: 病毒的辅助结构包括病毒包膜，包膜上的刺突或包膜子粒，以及像腺病毒那样的触须样纤维。\npre_knowledge:\n病毒包膜\n包膜子粒/刺突\n触须样纤维"
    },
    {
        "query": "根据壳粒的排列方式，病毒结构可以分为哪几种对称型？",
        "response": "query: 病毒结构可以分为哪几种对称型？\nanswer: 病毒结构主要可以分为三种对称型：螺旋对称型、二十面体对称型和复合对称型。\npre_knowledge:\n病毒结构\n螺旋对称型\n二十面体对称型\n复合对称型"
    },
    {
        "query": "病毒的化学成分？",
        "response": "query: 病毒的化学成分是什么？\nanswer: 病毒的基本化学组成是核酸和蛋白质。核酸可以是DNA或RNA，分为双链或单链，有分节段和不分节段的。蛋白质主要构成病毒的衣壳，包膜病毒的包膜中还含有脂质，如磷脂和胆固醇，以及糖类。\npre_knowledge:\n病毒包膜\n核酸\n蛋白质\n脂质\n糖类"
    },
    {
        "query": "包膜的主要功能？",
        "response": "query: 包膜的主要功能是什么？\nanswer: 包膜的主要功能包括保护病毒核心，帮助病毒与细胞膜融合以便侵入细胞，以及作为病毒抗原显示的平台，影响病毒感染性和免疫反应。\npre_knowledge:\n病毒包膜\n包膜蛋白\n脂溶剂\n细胞膜融合\n病毒抗原\n病毒感染性"
    },
    {
        "query": "病毒的结构？",
        "response": "query: 病毒的基本结构是什么？\nanswer: 病毒的基本结构包括核心（nucleocapsid），其中包含病毒的核酸。核心外围是病毒衣壳（capsid），由多个壳粒（capsomere）组成。有些病毒还有一层包膜（envelope），包膜上含有蛋白质刺突（spike）。有包膜的病毒被称为包膜病毒，无包膜的则称为裸露病毒。\npre_knowledge:\n- 病毒核心\n- 病毒衣壳\n- 包膜\n- 蛋白质刺突\n- 包膜病毒\n- 裸露病毒"
    },
    {
        "query": "病毒核酸的主要功能？",
        "response": "query: 病毒核酸的主要功能是什么？\nanswer: 病毒核酸的主要功能是作为病毒的遗传物质，决定病毒的感染、增殖、遗传、变异等生物学性状。它是病毒复制的模板，能够复制出大量相同的子代核酸，并转录生成病毒mRNA，编码病毒的所有遗传信息。\npre_knowledge:\n病毒的遗传信息\n病毒复制\n病毒mRNA转录\n遗传变异"
    },
    {
        "query": "病毒的增殖过程？",
        "response": "query: 病毒如何增殖？\nanswer: 病毒通过吸附宿主细胞表面的特异性受体开始其增殖过程，接着是穿入、脱壳、生物合成、装配和释放。在这个过程中，病毒的核酸在宿主细胞内复制，并制造出新的蛋白质来组装成完整的病毒颗粒，最终释放到细胞外。\npre_knowledge:\n病毒结构\n宿主细胞受体\n病毒复制周期\n吸附机制\n细胞损伤或死亡"
    },
    {
        "query": "亚病毒的分类？",
        "response": "query: 亚病毒有哪些分类？\nanswer: 亚病毒主要包括类病毒、卫星病毒、卫星RNA和拟病毒这四类。\npre_knowledge:\n类病毒\n卫星病毒\n卫星RNA\n拟病毒"
    },
    {
        "query": "温和噬菌体的溶源状态？",
        "response": "query: 温和噬菌体的溶源状态是什么？\nanswer: 温和噬菌体的溶源状态是指其核酸整合到宿主菌的染色体中，形成前噬菌体，不再产生子代噬菌体，也不导致宿主菌裂解。这种状态下，噬菌体与细菌共存，随着细菌的繁殖而复制自身DNA。\npre_knowledge:\n温和噬菌体\n溶源性细菌\n前噬菌体"
    },
    {
        "query": "微生物在环境保护中的应用有什么？",
        "response": "query: 微生物在环境保护中的应用有哪些？\nanswer: 微生物在环保中被用于污水、废气、固体废弃物的处理与控制，例如通过生物降解来分解污染物，包括农药、污水、烃类等。它们还能参与氮素固定，改善土壤，促进动植物生长，并在污水处理中发挥作用，如好气性反应池、厌气性反应池等。\npre_knowledge:\n- 生物降解\n- 污水处理\n- 固体废弃物处理\n- 物质循环\n- 微生物代谢多样性"
    },
    {
        "query": "微生物与未来科技有什么？",
        "response": "query: 微生物在哪些领域有应用？\nanswer: 微生物在生物技术中发挥着重要作用，特别是在工业、农业、医药、环保、新能源、新材料等领域。例如，它们用于生产抗生素、氨基酸、有机酸、基因工程药物，以及在食品制造（如面包、乳酪、味精）和饲料工业中也有应用。此外，微生物还被用于环境保护，如石油脱蜡、石油和天然气勘探，以及生物农药的制作。\npre_knowledge:\n微生物技术\n生物技术\n微生物应用领域"
    },
    {
        "query": "什么是微生物的分类鉴定？",
        "response": "query: 什么是微生物的经典分类鉴定方法？\nanswer: 经典分类鉴定方法主要是通过观察微生物的细胞形态、生理特性和生化特征来进行分类。这包括确定微生物是原核还是真核，然后依据形态（如细胞形状、排列方式、鞭毛、芽孢等）和生理生化特征（如酶反应、营养需求、生长条件）来区分科以上的分类单元，科以下的分类则结合更多特征。此外，也会使用“双歧法”整理鉴定结果，并可能结合现代技术如16S或18S rRNA序列分析来确定属和种。\npre_knowledge:\n细胞形态\n生理特性\n生化特征\n双歧法\n16S rRNA序列分析\nDNA-DNA杂交"
    },
    {
        "query": "微生物进化指征是如何选择的？",
        "response": "query: 微生物进化的选择是如何进行的？\nanswer: 微生物进化的选择主要基于环境因素和遗传变异。在特定环境中，那些具有有利于生存和繁殖的特性（例如耐受极端温度、抵抗抗生素或高效能量获取）的微生物更有可能存活下来并传递其基因给后代。随着时间的推移，这些有利特性在种群中会变得更加普遍，从而推动微生物的进化。这一过程可以通过自然选择、基因突变、基因重组和表型可塑性等方式实现。\npre_knowledge:\n自然选择\n遗传变异\n基因突变\n基因重组\n表型可塑性"
    }
]