[
    {
        "query": "通过恒化连续培养控制微生物的生长",
        "response": "answer: 恒化连续培养是一种控制微生物生长速率的方法，通过控制培养基中特定营养物（生长限制因子）的浓度和流速，使微生物保持恒定的生长速率。\npre_knowledge:\n微生物生长曲线\n恒化连续培养(Chemostat continuous culture)\n限制性营养物质"
    },
    {
        "query": "如何在工业发酵过程中优化微生物的生长和代谢产物的产量？",
        "response": "answer: 优化微生物在工业发酵过程中的生长和代谢产物产量可以通过生物化学调控、菌种遗传特性改变和细胞膜渗透性调控等方式实现。例如，调节pH值、溶氧水平和营养物质浓度，添加前体物或诱导物，改变菌种遗传特性，以及控制发酵温度，都能够影响微生物的代谢过程，从而提高目标产物的产量。\npre_knowledge:\n微生物发酵\n代谢产物\n生物化学调控\n菌种遗传特性改变\n细胞膜渗透性调控\npH值影响\n溶氧水平\n营养物质浓度\n前体物添加\n诱导物添加\n发酵温度控制"
    },
    {
        "query": "在土壤微生物生态系统中，如何通过调控环境因素和微生物互作来改善农作物的生长？",
        "response": "answer: 通过调控环境因素和微生物互作来改善农作物生长的方法包括：调整土壤的有机物含量以提供充足的营养和能量来源，保持适宜的土壤酸碱度和渗透压，确保微生物的生长；优化土壤结构以改善空气和水分的分布，促进好氧和厌氧微生物的平衡；选择和引入有益微生物，如固氮菌和根际微生物，以增加土壤的氮素养料供应，分泌植物生长刺激物质和抗生素，帮助植物抵抗病原菌；适当管理土壤的碳氮比例，避免微生物与植物竞争营养；使用微生物肥料，如根瘤菌和PGPR，以增强植物的生长和抗逆性。\npre_knowledge:\n微生物与植物的相互作用\n土壤微生物生态系统\n根际微生物\n微生物肥料\n环境因素对微生物生长的影响\n微生物生态学"
    },
    {
        "query": "如何通过调控微生物遗传变异和环境因素来提高工业酶的产量？",
        "response": "answer: 通过调控微生物的遗传变异，如选育营养缺陷型或渗漏缺陷突变株，以及改变环境因素，如调整pH值、溶氧水平和营养物质浓度，可以提高工业酶的产量。此外，添加前体物或诱导物也能解除反馈抑制，促进酶的合成。\npre_knowledge:\n微生物代谢调控\n菌种遗传特性改变\n环境因素影响微生物代谢\n变构酶和修饰调节\n诱导酶和组成酶\n微生物遗传突变育种\n发酵工艺控制"
    },
    {
        "query": "如何通过调控微生物的夸克效应和藻蓝蛋白合成途径来提高光生物反应器的效率？",
        "response": "answer: 通过改变微生物细胞膜的通透性和调控藻蓝蛋白的合成途径，可以提高光生物反应器的效率。具体方法包括使用限量的生物素、添加脂肪酸类似物或表面活性剂来改变细胞膜的渗透性，促进代谢产物的运输。此外，可以通过基因工程手段解除反馈抑制，增加藻蓝蛋白的合成，或者选育能够积累目标产物的突变株。\npre_knowledge:\n细胞膜渗透性调控\n代谢途径调控\n基因工程菌株构建\n反馈抑制解除\n微生物发酵生产代谢产物"
    },
    {
        "query": "如何通过调控微生物的激素模拟物和异化固氮途径来增强植物根际的养分吸收？",
        "response": "answer: 通过调控微生物的激素模拟物，可以刺激植物根际微生物的活动，促进它们分泌更多的植物生长刺激物质，如维生素和生长素，从而帮助植物吸收养分。此外，利用固氮微生物，如固氮螺菌属，可以增强植物根际的固氮能力，直接提供氮素养料。可以通过添加含有这些微生物的菌肥，或者创造利于固氮菌生存的土壤环境，来提高植物对氮素的吸收。同时，保持适当的碳氮比例，避免微生物与植物竞争营养。\npre_knowledge:\n根际微生物\n植物生长刺激物质\n固氮菌\n菌肥\n微生物激素模拟物\n固氮作用\n微生物与植物的互生关系\n微生物与土壤肥力的关系\n微生物与植物养分吸收的关系"
    },
    {
        "query": "如何通过调控微生物的质粒稳定性和聚β-羟基丁酸（PHB）合成途径来优化生物塑料的生产？",
        "response": "answer: 通过优化微生物的质粒稳定性，可以增强其携带和表达编码PHB合成途径的基因的能力，从而提高PHB的产量。同时，通过遗传工程手段改造微生物的PHB合成途径，例如增强关键酶的活性或增加底物通量，也能提升生物塑料的生产效率。此外，调控细胞膜的渗透性可以促进PHB的释放，减少其在细胞内的积累，进一步提高发酵过程中的生物塑料产量。\npre_knowledge:\n微生物的质粒稳定性\n聚-β-羟基丁酸（PHB）合成途径\n细胞膜渗透性调控"
    },
    {
        "query": "环境因素对微生物生长的影响有哪些？",
        "response": "answer: 环境因素对微生物生长的影响主要包括温度、营养物质浓度、pH值、渗透压、氧气和氧化还原电位等。例如，温度过高或过低都会抑制微生物生长，甚至导致死亡；营养物质浓度过低无法支持生长，过高则可能产生抑制作用；pH值的适宜与否直接影响微生物的代谢活动，不同类型的微生物有不同的最适pH值范围；渗透压的改变会影响微生物细胞的稳定性；氧气的存在与否和其浓度对好氧和厌氧微生物的生长至关重要。\npre_knowledge:\n微生物生长\n营养物质浓度\npH值\n温度\n渗透压\n氧气和氧化还原电位"
    },
    {
        "query": "微生物的突变如何影响其遗传变异？",
        "response": "answer: 微生物的突变会影响其遗传信息，导致遗传型的改变，进而产生新的表型特征。这些变化可能是有益的，也可能是有害的，它们是微生物遗传变异的基础，对于微生物的自然选择和进化至关重要。\npre_knowledge:\n微生物遗传变异\n基因突变\n表型\n遗传型\n突变类型"
    },
    {
        "query": "微生物在自然界物质循环中的作用是什么？",
        "response": "answer: 微生物在自然界物质循环中起到关键作用，包括作为生物食物链的初级生产者，通过固氮和有机物质积累为其他生物提供生存条件；作为有机物质的降解者，分解动植物残体和分泌物为无机质；以及作为地球上物质和能量的保存者，参与地质大循环，如将沉入海底的物质转化为石油和煤。\npre_knowledge:\n生物地球化学物质循环\n微生物的合成作用和分解矿化作用\n微生物的分类和代谢能力"
    },
    {
        "query": "微生物的基因重组有哪几种方式？",
        "response": "answer: 原核微生物的基因重组方式有转化、转导、接合和原生质体融合。\npre_knowledge:\n微生物基因重组\n转化\n转导\n接合\n原生质体融合"
    },
    {
        "query": "什么是质粒？",
        "response": "answer: 质粒是存在于原核生物中的一种独立于染色体外，能够自主复制的遗传因子，主要由DNA组成，有时也可能是RNA。它们具有小型共价闭合环状的结构，并且携带着一些对宿主生存非必要的特殊功能，如抗药性、固氮等。\npre_knowledge:\n原核生物\nDNA\n染色体\ncccDNA\n细胞质遗传因子\n超螺旋结构\n基因重组\n抗生素抗性基因\n附加体\n遗传工程\n接合\n转化"
    },
    {
        "query": "微生物的基因突变有哪些类型？",
        "response": "answer: 微生物的基因突变类型包括形态突变型、生化突变型、营养缺陷型、抗性突变型、条件致死突变型和产量突变型等。\npre_knowledge:\n基因突变\n点突变\n染色体畸变\n选择性突变\n非选择性突变\n形态突变型\n生化突变型\n营养缺陷型\n抗性突变型\n条件致死突变型\n产量突变型"
    },
    {
        "query": "延迟期的特征是什么？",
        "response": "answer: 延迟期是细菌在新环境中调整代谢的阶段，细胞分裂缓慢，但代谢活跃，体积增长快，RNA含量增高，对环境变化敏感，可能会产生诱导酶。\npre_knowledge:\n微生物生长曲线\n延迟期\n对数期\n细胞代谢\n代时\n发酵工业"
    },
    {
        "query": "硝化作用的生态意义是什么？",
        "response": "answer: 硝化作用的生态意义在于，它将氨转化为硝酸盐，这些硝酸盐可以被植物吸收利用作为营养物质，促进了植物的生长，维持了生态系统的氮循环。然而，硝酸盐的过度积累可能导致水体富营养化，对环境造成负面影响。\npre_knowledge:\n硝化作用\n氮循环\n水体富营养化\n植物营养吸收"
    },
    {
        "query": "微生物在碳素循环中的作用是什么？",
        "response": "answer: 微生物在碳素循环中起到关键作用，它们参与了CO₂的固定和再生。光能自养型微生物如蓝细菌和藻类通过光合作用固定CO₂，而化能自养型微生物如硫化细菌和硝化细菌利用无机物氧化释放的能量固定CO₂。此外，微生物还分解有机碳化合物，无论是有氧还是无氧条件下，将有机物转化为CO₂和其他产物，从而完成碳的再生。\npre_knowledge:\n微生物分类\n光合作用\n化能自养型微生物\n有机物质分解\n碳素循环"
    },
    {
        "query": "微生物的生长曲线包括哪些阶段？",
        "response": "answer: 微生物的生长曲线包括延迟期、对数期、稳定期和衰亡期四个阶段。\npre_knowledge:\n微生物生长曲线\n延迟期\n对数期\n稳定期\n衰亡期"
    },
    {
        "query": "微生物的生长速率如何测定？",
        "response": "answer: 测定微生物生长速率的方法包括：培养基表面菌体生长速率测定法、培养料中菌体生长速率测定法和单个菌丝顶端生长速率测定法。\npre_knowledge:\n微生物生长\n固体培养基\n菌丝长度变化\n细胞生长速率\n微生物个体生长\n群体生长\n生长曲线\n延迟期\n对数期\n稳定期\n衰亡期\n直接计数法\n间接计数法\n微生物代谢\n微生物群体增加量\n细胞质量\n生理活性变化\n细菌数目\n生长因子需求\n微生物定量生长效应测定\n同步培养\n连续培养\n单批培养\n微生物最适条件\n温度\n氧\npH值\n渗透压\n微生物控制\n微生物危害\n纯培养分离技术\n单细胞挑取法\n平板划线法\n涂布平板法\n选择培养基分离法\n微生物生长测定\n细菌繁殖曲线\n微生物生长规律\n工业生产\n分批发酵\n连续培养优点\n微生物生长繁殖控制\n灭菌\n湿热灭菌\n干热灭菌\n嗜冷微生物\n氧化还原电位\n嗜热微生物\n耐氧厌氧菌\n抗生素\n细菌耐药性\n产碱性蛋白酶菌株分离"
    },
    {
        "query": "微生物的遗传物质主要有哪些形式？",
        "response": "answer: 微生物的遗传物质主要以DNA和RNA的形式存在，其中DNA是主要的遗传物质，包括染色体DNA和染色体外DNA（如质粒）。在某些情况下，如朊病毒，蛋白质也可能起到遗传物质的作用，尽管这不是普遍情况。\npre_knowledge:\n微生物遗传物质\nDNA\nRNA\n蛋白质\n朊病毒\n染色体DNA\n染色体外DNA\n质粒"
    },
    {
        "query": "微生物在氮循环中的作用是什么？",
        "response": "answer: 微生物在氮循环中主要负责生物固氮作用，将分子态氮(N₂)转化为氨(NH₃)，为生物圈提供可利用的氮素营养。\npre_knowledge:\n氮循环\n生物固氮\n固氮微生物"
    },
    {
        "query": "根际微生物对植物的生长有何影响？",
        "response": "answer: 根际微生物对植物生长的影响主要体现在改善植物营养条件、分泌植物生长刺激物质、分泌抗生素类物质以及可能的有害影响。它们通过分解土壤有机物质，促进植物所需营养元素的供应，有些还能固氮，提供氮素养料。此外，它们分泌的生长刺激物质和抗生素有助于植物生长和抵抗病原菌。然而，当土壤中碳氮比例过高时，根际微生物可能会与植物竞争营养，甚至分泌有毒物质抑制植物生长。\npre_knowledge:\n根际微生物\n植物根系分泌物\n微生物代谢作用\n固氮作用\n植物生长刺激物质\n抗生素类物质"
    },
    {
        "query": "微生物在食品保存中的作用是什么？",
        "response": "answer: 微生物在食品保存中的作用主要是通过抑制或杀死它们的生长来防止食品腐败。低温法，如冷藏和冷冻，可以降低微生物的代谢活力，阻止或减缓它们的生长，从而延长食品的保质期。此外，某些微生物如乳酸菌在食品发酵过程中会产生乳酸，降低环境pH值，抑制有害菌的生长，这在制作泡菜等发酵食品中尤为关键。同时，干燥、高渗透压（如腌制食品）和添加防腐剂也能有效控制微生物的活性，防止食品变质。\npre_knowledge:\n低温保藏\n微生物对氧的需求\n食品发酵\n干燥保存\n防腐剂在食品中的应用"
    },
    {
        "query": "微生物的同步培养技术是什么？",
        "response": "answer: 微生物同步培养技术是一种让微生物群体处于同一生长水平和阶段的培养方法，这样可以使得所有细胞在同一时刻分裂，便于研究个体水平上的问题。常见的同步培养方法包括机械法，如离心沉降分离法、过滤分离法，以及通过调整生理条件的同步法，如温度调整法和营养条件调整法。\npre_knowledge:\n微生物细胞生长阶段\n同步培养法\n微生物同步生长获得方法"
    },
    {
        "query": "土壤微生物对植物生长的作用是什么？",
        "response": "answer: 土壤微生物对植物生长的作用包括改善植物的营养条件，分泌植物生长刺激物质，分泌抗生素类物质，以及可能产生有害影响。它们通过分解有机物来提供植物所需的营养元素，比如固氮菌能为植物提供氮素养料，同时分泌的维生素和生长素能促进植物生长。此外，某些微生物分泌的抗生素有助于植物抵抗病原菌。\npre_knowledge:\n根际微生物\n植物根系分泌物\n微生物代谢作用\n固氮菌\n抗生素分泌\n植物生长刺激物质"
    },
    {
        "query": "基因重组对微生物有何影响？",
        "response": "answer: 基因重组对微生物的影响主要体现在产生新的遗传型个体，促进微生物的变异和进化，从而可能改变微生物的性状，如提高其代谢效率、抗性或产生新的代谢产物。这种变化对于微生物育种非常重要，可以帮助科学家创造出更适应环境或具有特定功能的菌株。\npre_knowledge:\n基因重组\n微生物育种\n遗传变异"
    },
    {
        "query": "什么是原核微生物？",
        "response": "answer: 原核微生物是一类没有核膜包裹的细胞核，只有核区的单细胞或多细胞微生物，主要包括真细菌和古生菌。\npre_knowledge:\n原核生物\n细胞核\n真核微生物\n古生菌\nDNA\n核区\n肽聚糖\n内含子\n细胞器\n革兰氏染色\n微生物分类\n原核生物域\n细胞壁\n支原体\n立克次氏体\n衣原体\n蓝细菌"
    },
    {
        "query": "细菌的形态有哪些？",
        "response": "answer: 细菌的基本形态包括球菌、杆菌和螺旋菌，除此之外，还有其他特殊形态，如柄杆菌、丝状细菌、星形细菌和方形细菌。这些形态可能会受到环境条件的影响，比如培养时间、温度和培养基成分。\npre_knowledge:\n细菌的形态\n球菌\n杆菌\n螺旋菌\n柄杆菌\n丝状细菌\n星形细菌\n方形细菌\n环境条件对细菌形态的影响"
    },
    {
        "query": "细菌的细胞结构有哪些？",
        "response": "answer: 细菌的细胞结构包括基本结构和特殊结构。基本结构包括细胞壁、细胞膜、细胞质和核区，特殊结构有鞭毛、菌毛、性毛、糖被（荚膜、微荚膜和黏液层）和芽孢。\npre_knowledge:\n细胞壁\n细胞膜\n细胞质\n核区\n鞭毛\n菌毛\n性毛\n糖被\n芽孢"
    },
    {
        "query": "细菌细胞壁有哪些种类？",
        "response": "answer: 细菌细胞壁主要有革兰氏阳性细菌细胞壁和革兰氏阴性细菌细胞壁，两者在厚度、化学成分和结构上都有所区别。革兰氏阳性细菌细胞壁较厚，主要由肽聚糖和磷壁酸组成；革兰氏阴性细菌细胞壁较薄，含有肽聚糖、脂多糖层、类脂质和蛋白质。\npre_knowledge:\n细胞壁\n革兰氏染色法\n肽聚糖\n磷壁酸\n革兰氏阳性细菌\n革兰氏阴性细菌"
    },
    {
        "query": "细菌细胞壁的功能是什么？",
        "response": "answer: 细菌细胞壁的主要功能包括固定细胞外形、保护细胞免受外力损伤、参与细胞生长和分裂、防止大分子物质进入细胞以及赋予细菌特定的抗原性和致病性。\npre_knowledge:\n细胞壁的结构\n肽聚糖\n渗透压\n细胞生长和分裂\n抗原性\n致病性\n抗生素作用机制"
    },
    {
        "query": "细胞膜结构是什么样的？",
        "response": "answer: 细胞膜，又称质膜或内膜，是由磷脂双分子层和蛋白质组成的半透性薄膜，厚度约为7~8纳米。磷脂分子由极性头（带正电荷，溶于水）和非极性尾（不溶于水）构成，形成双分子层结构，极性头朝向外内外两侧，非极性尾位于内层。细胞膜中还含有少量糖类，并且蛋白质和磷脂的比例约为50%~70%和20%~30%。细胞膜的结构可以用液态镶嵌模型来描述，具有一定的流动性，允许蛋白质在其中移动执行功能。\npre_knowledge:\n磷脂双分子层\n蛋白质\n液态镶嵌模型"
    },
    {
        "query": "细胞膜的生理功能有哪些？",
        "response": "answer: 细胞膜的生理功能包括：选择性地控制物质运输，维持细胞渗透压，合成细胞壁和大分子，产能，作为酶和电子传递链的定位场所，以及作为鞭毛运动的能量来源。\npre_knowledge:\n细胞膜\n磷脂双分子层\n整合蛋白\n周边蛋白\n细胞壁\n原核微生物\n真核生物\n支原体\n胆固醇\n甾醇\n液态镶嵌模型\n细胞染色方法\n细胞膜渗透性调控\n微生物代谢产物运输\n细胞膜化学成分\n古生菌细胞膜\n细胞质\n内含物\n趋化作用\n调理作用\n吞入作用\n杀灭作用\n巨噬细胞\n抗原递呈作用\n免疫调节作用"
    },
    {
        "query": "细胞质的主要成分是什么？",
        "response": "answer: 细胞质的主要成分包括水、蛋白质、类脂质、核糖核酸和少量无机盐。\npre_knowledge:\n细胞质定义\n细胞质组成部分\n细胞质内含物\n细胞核\n线粒体\n内质网\n核糖体\n细胞膜\n原核生物与真核生物的细胞结构差异"
    },
    {
        "query": "质粒按相对分子质量如何分类？",
        "response": "answer: 质粒根据相对分子质量的大小可以分为两类，较大一类的相对分子质量为40×10⁶以上，较小一类的相对分子质量为10×10⁶以下。\npre_knowledge:\n细菌质粒\n相对分子质量\n质粒分类"
    },
    {
        "query": "质粒按复制性质如何进行分类？",
        "response": "answer: 根据复制性质，质粒可以分为严紧型质粒和松弛型质粒。严紧型质粒在细胞染色体复制一次时复制一次，每个细胞内通常只含1~2个质粒；而松弛型质粒在染色体复制停止后还能继续复制，每个细胞内一般有20个质粒。\npre_knowledge:\n质粒复制性质\n细胞染色体复制\n严紧型质粒\n松弛型质粒"
    },
    {
        "query": "质粒按照功能如何进行分类？",
        "response": "answer: 质粒按照功能可以分为致育因子(F因子)、抗药性质粒、大肠杆菌素质粒(Col因子)、金属离子抗性质粒、辐射抗性质粒和分解性质粒。\npre_knowledge:\n质粒\nF因子\n抗药性质粒\nCol因子\n金属离子抗性\n辐射抗性\n分解性质粒"
    },
    {
        "query": "糖被的功能是什么？",
        "response": "answer: 糖被的主要功能包括保护细菌、储存养料、堆积代谢废物、作为病原菌的表面抗原和黏附因子，以及在细菌间进行信息识别和表面附着。\npre_knowledge:\n细胞壁\n细胞膜\n原核微生物的细胞膜\n基团移位\n酵母菌细胞壁的成分\n革兰氏阴性细菌的外膜\n包膜蛋白的功能"
    },
    {
        "query": "芽孢形成的阶段有哪些？",
        "response": "answer: 芽孢形成的阶段包括DNA浓缩，束状染色质形成，细胞膜内陷和不对称分裂形成前芽孢，前芽孢双层隔膜形成，芽孢肽聚糖填充，DPA合成和钙离子累积，皮层形成，芽孢衣合成，皮层合成完成和芽孢成熟。\npre_knowledge:\n芽孢的构造\n芽孢的形成\n细菌的分类和鉴定依据"
    },
    {
        "query": "芽孢的核心是什么？",
        "response": "answer: 芽孢的核心是芽孢原生质体，由芽孢壁、芽孢质膜、芽孢质和核区四部分组成。\npre_knowledge:\n芽孢构造\n芽孢核心\n细菌芽孢"
    },
    {
        "query": "什么是伴孢晶体？",
        "response": "answer: 伴孢晶体是某些芽孢杆菌在形成芽孢时产生的一种碱溶性蛋白晶体，例如在苏云金芽孢杆菌中发现，对多种昆虫有毒杀作用，常用于制作生物农药。\npre_knowledge:\n芽孢杆菌\n苏云金芽孢杆菌\n生物农药"
    },
    {
        "query": "产芽孢的细菌有哪些？",
        "response": "answer: 产芽孢的细菌主要包括芽孢杆菌属(Bacillus)、梭菌属(Clostridium)、芽孢八叠球菌属(Sporosarcina)和孢螺菌属(Sporospirillum)等。\npre_knowledge:\n细菌芽孢\n革兰氏阳性杆菌\n好氧性细菌\n厌氧性细菌"
    },
    {
        "query": "什么是细菌的裂殖？",
        "response": "answer: 细菌的裂殖是指细菌通过细胞分裂形成两个相同或相似的子细胞的过程。常见的形式有二分裂，其中细胞在对称中心形成隔膜，然后分裂为两个子细胞。少数细菌如柄杆菌属则进行不等二分裂，产生不同形态的子细胞。此外，还有三分裂和芽裂等特殊类型的裂殖方式。\npre_knowledge:\n- 细菌繁殖方式\n- 二分裂\n- 不等二分裂\n- 三分裂\n- 芽裂"
    },
    {
        "query": "什么是菌落？",
        "response": "answer: 菌落是指单个细菌细胞或少量同种细菌在固体培养基表面繁殖后形成的肉眼可见的、具有一定形态和构造的子细胞集团。如果一个菌落是由一个单细胞发展而来，那么它就是一个纯种细胞群或克隆。不同细菌的菌落特征各异，如大小、形状、边缘、隆起程度、表面状态、质地、颜色和透明度等，这些特征对于微生物的分类鉴定、分离、纯化、计数和选种等工作具有重要意义。\npre_knowledge:\n微生物培养\n细菌细胞\n固体培养基\n菌苔\n纯种细胞群\n克隆\n菌落特征\n微生物分类鉴定"
    },
    {
        "query": "放线菌的形态结构是什么？",
        "response": "answer: 放线菌的形态结构包括基内菌丝、气生菌丝和孢子丝，其中基内菌丝生长在培养基内，气生菌丝位于基内菌丝之上，孢子丝则可进一步形成各种形状的孢子，如球形、椭圆形等。放线菌的孢子表面结构多样，可以是光滑的，也可以带有小疣、刺或毛发状结构，这些特征在菌种鉴定中很重要。\npre_knowledge:\n原核生物\n革兰氏阳性细菌\n菌丝\n孢子丝\n孢子"
    },
    {
        "query": "放线菌的菌落特点是什么样的？",
        "response": "answer: 放线菌的菌落一般由菌丝体组成，可以分为两类。一类菌落由产生大量分枝和气生菌丝的菌种形成，例如链霉菌，菌落质地致密，表面可能呈绒状、坚实、干燥、多皱，有时带有色素和泥腥味。另一类菌落由不产生大量菌丝体的种类形成，如诺卡氏放线菌，菌落黏着力差，结构呈粉性，易碎。\npre_knowledge:\n放线菌的形态结构\n放线菌的繁殖\n放线菌的菌落差异的比较"
    },
    {
        "query": "酵母菌的细胞结构是什么样的？",
        "response": "answer: 酵母菌的细胞结构包括细胞壁、细胞膜、细胞质、细胞核、液泡、线粒体、核糖体、内质网、微体、高尔基体、内含物以及芽痕和蒂痕。细胞壁呈“三明治”结构，主要由甘露聚糖、葡聚糖和蛋白质组成。细胞膜主要由蛋白质、类脂和糖类构成，含有甾醇如麦角甾醇。细胞质中包含线粒体、核糖体等细胞器，其中线粒体是能量生成的主要场所。\npre_knowledge:\n细胞壁结构\n细胞膜成分\n细胞质和细胞器\n线粒体功能\n细胞核结构\n酵母菌的大小和形态变化"
    },
    {
        "query": "什么是微生物？",
        "response": "answer: 微生物是一大群形体微小、结构简单、肉眼看不见或看不清楚的单细胞和多细胞生物，甚至无细胞结构的低等生物的总称，包括细菌、酵母菌、霉菌、病毒等多种类型。\npre_knowledge:\n微生物学\n细胞\n微生物分类"
    },
    {
        "query": "霉菌的细胞结构是什么？",
        "response": "answer: 霉菌的细胞结构包括细胞壁、细胞膜、细胞质和细胞核，以及各种细胞器。细胞壁主要由几丁质、蛋白质、纤维素等组成，细胞膜是典型的单位膜结构，含有蛋白质和磷脂。细胞质中含有细胞核、液泡、线粒体、内质网、核糖体、膜边体等细胞器。\npre_knowledge:\n细胞壁结构\n细胞膜结构\n细胞质和细胞器组成\n细胞核结构"
    },
    {
        "query": "真核微生物和原核微生物细胞壁的差异",
        "response": "answer: 真核微生物的细胞壁主要由葡聚糖、甘露聚糖、蛋白质等组成，而原核微生物如细菌、放线菌的细胞壁主要由肽聚糖构成，支原体没有细胞壁。\npre_knowledge:\n真核微生物细胞壁成分\n原核微生物细胞壁成分\n支原体的细胞壁结构"
    },
    {
        "query": "真核微生物和原核微生物鞭毛的差异",
        "response": "answer: 真核微生物的鞭毛比原核微生物的鞭毛更复杂，结构上是“9+2”型，运动方式为挥鞭式，而原核微生物的鞭毛结构简单，主要由基体、钩形鞘和鞭毛丝组成，运动方式为旋转马达式。\npre_knowledge:\n真核微生物鞭毛\n原核微生物鞭毛\n鞭毛结构\n鞭毛运动机制"
    },
    {
        "query": "什么是病毒？",
        "response": "answer: 病毒是一类体积微小，无完整细胞结构，只含有一种类型核酸(DNA或RNA)，严格活细胞内寄生并以复制方式增殖的非细胞型微生物。\npre_knowledge:\n- 细胞结构\n- 核酸类型 (DNA/RNA)\n- 生命特征 (遗传、变异、进化)\n- 寄生性\n- 复制方式繁殖\n- 病毒分类 (动物病毒、植物病毒、噬菌体等)\n- 对抗生素不敏感，对干扰素敏感"
    },
    {
        "query": "病毒的主要特点?",
        "response": "answer: 病毒的主要特点包括体积微小，通常需要电子显微镜观察，无完整的细胞结构，只含有一种类型核酸(DNA或RNA)，必须在活细胞内寄生并以复制方式增殖，对干扰素敏感但对抗生素不敏感。\npre_knowledge:\n病毒的结构\n病毒的增殖过程\n病毒的化学组成"
    },
    {
        "query": "病毒分多少个目？",
        "response": "answer: 病毒分为6个目。\npre_knowledge:\n国际病毒分类委员会\n病毒种类\n病毒的分类依据"
    },
    {
        "query": "病毒分多少各科？",
        "response": "answer: 根据2012年ICTV的报告，病毒分为6个目，87个科，19个亚科，349个属，2284个种。\npre_knowledge:\n- 国际病毒分类委员会( ICTV )\n- 病毒分类\n- 病毒学"
    },
    {
        "query": "病毒分多少个亚科？",
        "response": "answer: 病毒有19个亚科。\npre_knowledge:\n国际病毒分类委员会( ICTV)\n病毒分类\n病毒科"
    },
    {
        "query": "病毒分多少个属？",
        "response": "answer: 根据国际病毒分类委员会2012年的报告，病毒分为349个属。\npre_knowledge:\n国际病毒分类委员会\n病毒分类\n病毒属"
    },
    {
        "query": "病毒分多少种",
        "response": "answer: 根据国际病毒分类委员会2012年的报告，病毒被分为6个目，87个科，19个亚科，349个属，2284个种。\npre_knowledge:\n国际病毒分类委员会(ICTV)\n病毒分类\n病毒的种类"
    },
    {
        "query": "什么是病原体？",
        "response": "answer: 病原体是能引起人体或动物体发生传染病的微生物，如细菌、病毒等。\npre_knowledge:\n微生物\n传染病\n细菌\n病毒\n致病性\n免疫力"
    },
    {
        "query": "目前发现的最大病毒是什么？",
        "response": "answer: 目前发现的最大病毒是潘多拉病毒(Pandoravirus)。\npre_knowledge:\n病毒体大小\n潘多拉病毒\n病毒分类"
    },
    {
        "query": "目前发现的最小病毒是什么？",
        "response": "answer: 目前发现的最小病毒是口蹄疫病毒，大约有10纳米。\npre_knowledge:\n病毒体大小\n纳米(nanometer)\n口蹄疫病毒"
    },
    {
        "query": "常见的病毒有哪些?",
        "response": "answer: 常见的病毒包括动物病毒，如流感病毒、病毒性肝炎病毒、艾滋病病毒、狂犬病病毒、病毒性脑炎病毒和出血热病毒等。此外，还有噬菌体，它们感染细菌和真菌。这些病毒在医学、生物学研究以及动植物病虫害防治中都有重要作用。\npre_knowledge:\n动物病毒\n噬菌体\n病毒性传染病\n病毒与疾病关系\n分子生物学\n基因工程"
    },
    {
        "query": "病毒的形态有哪些种?",
        "response": "answer: 病毒的形态有多种，包括球形或近似球形（大多数动物病毒）、杆状或丝状（多数植物病毒）、砖形（痘病毒）、子弹形（狂犬病病毒）、蝌蚪形（噬菌体）等。\npre_knowledge:\n病毒形态\n动物病毒\n植物病毒\n痘病毒\n狂犬病病毒\n噬菌体"
    },
    {
        "query": "病毒核酸的功能",
        "response": "answer: 病毒核酸的主要功能包括作为病毒复制的模板，决定病毒的特性，以及在某些情况下，作为具有感染性的核酸。\npre_knowledge:\n病毒核酸的特殊结构形式\n病毒核酸的遗传信息携带\n病毒核酸的复制过程\n病毒的基因组\n病毒核酸的变异影响病毒性状"
    },
    {
        "query": "病毒的正常增殖过程？",
        "response": "answer: 病毒的正常增殖过程包括吸附、穿入、脱壳、生物合成、装配与释放这五个阶段。首先，病毒通过吸附到宿主细胞表面的特定受体上，然后穿入细胞内部。接着，病毒脱壳，释放其遗传物质。在生物合成阶段，病毒利用宿主细胞的资源复制其核酸并合成结构蛋白。最后，这些组件在细胞内装配成新的病毒颗粒，通过溶细胞性释放或出芽等方式从宿主细胞中释放出来。\npre_knowledge:\n病毒复制周期\n吸附\n穿入\n脱壳\n生物合成\n装配与释放\n宿主细胞与病毒相互作用"
    },
    {
        "query": "什么是昆虫病毒   ？",
        "response": "answer: 昆虫病毒是指一类以昆虫为宿主并在昆虫种群中传播的病毒，它们与昆虫宿主之间有长期的进化关系，有些病毒对昆虫无害，但有些会导致昆虫生病甚至死亡。研究昆虫病毒有助于保护有益昆虫、控制害虫和改善公共卫生。\npre_knowledge:\n1. 宿主与病毒的关系\n2. 昆虫病毒的分类\n3. 昆虫病毒的生物学效应"
    },
    {
        "query": "昆虫病毒在形态结构上的突出特点是什么？",
        "response": "answer: 昆虫病毒的突出特点是在宿主细胞内形成多角体，这些多角体由多角体蛋白聚集成直径几微米的蛋白结晶性包含体，能保护病毒免受不良环境影响。\npre_knowledge:\n1. 多角体\n2. 包含体\n3. 昆虫病毒的分类（如核型多角体病毒、质型多角体病毒、颗粒体病毒等）"
    },
    {
        "query": "昆虫病毒的分类？",
        "response": "answer: 昆虫病毒可以根据多角体的有无、形态和生成部位等特征大致分为五类：核型多角体病毒、质型多角体病毒、颗粒体病毒、昆虫痘病毒和非包含体病毒。此外，根据最新的分类，昆虫病毒可以分为7个科：杆状病毒科、呼肠病毒科、痘病毒科、细小病毒科、虹彩病毒科、弹状病毒科和小RNA病毒科。\npre_knowledge:\n昆虫病毒的分类依据\n多角体的特征\n病毒的科别分类"
    },
    {
        "query": "昆虫病毒分为多少个科?",
        "response": "answer: 昆虫病毒分为7个科。\npre_knowledge:\n病毒分类\n杆状病毒科\n呼肠病毒科\n痘病毒科\n细小病毒科\n虹彩病毒科\n弹状病毒科\n小RNA病毒科"
    },
    {
        "query": "什么是类病毒？",
        "response": "answer: 类病毒是一类能感染植物的单链闭合环状RNA分子，它们不含有蛋白质且不编码多肽，主要通过自我复制导致宿主生病。\npre_knowledge:\n- 植物病毒\n- RNA分子结构\n- 生命科学理论问题（如生命起源和进化）"
    },
    {
        "query": "什么是生长因子？",
        "response": "answer: 生长因子是微生物生长所必需的、但微生物自身无法合成或合成不足的有机化合物，它们不提供能量，不参与细胞结构，主要作为酶的成分参与微生物的代谢过程。\npre_knowledge:\n微生物代谢\n有机化合物\n酶的成分"
    },
    {
        "query": "大量元素包括？",
        "response": "answer: 大量元素包括P（磷）、S（硫）、K（钾）、Ca（钙）、Mg（镁）、Na（钠）和Fe（铁）。\npre_knowledge:\n微生物营养需求\n无机盐在微生物生长中的作用\n大量元素与微量元素的区别\n微生物对元素的浓度需求"
    },
    {
        "query": "什么是发酵 ？",
        "response": "answer: 发酵是一个生物学过程，通常指微生物在无氧或有限氧气条件下，将有机物质转化为其他产物，如酒精、酸、气体等。这个过程在食品制作、药品生产等多个领域有广泛应用。\npre_knowledge:\n微生物\n厌氧条件\n有机物质代谢\n酒精发酵\n乳酸发酵\n微生物工业发酵\n固态发酵\n液体发酵\n连续发酵\n混合培养发酵"
    },
    {
        "query": "细胞膜渗透性的调控？",
        "response": "answer: 细胞膜渗透性的调控可以通过生理学或遗传学方法实现，例如改变细胞膜的结构，使用表面活性剂、抗生素，或者限量提供特定物质如生物素、添加脂肪酸类似物来增加通透性，促进代谢产物的运输。\npre_knowledge:\n细胞膜的选择性\n代谢产物的积累\n细胞膜的结构\n生物素\n脂肪酸类似物\n表面活性剂\n抗生素\n通透性调节\n代谢调控系统\n酶活性调节"
    },
    {
        "query": "病毒的基本结构?",
        "response": "answer: 病毒的基本结构包括病毒核心和病毒衣壳，这两者构成核衣壳。核心主要由DNA或RNA组成，可能伴有非结构蛋白。衣壳是由壳粒组成的蛋白质外壳，有不同的对称型，如螺旋对称型、二十面体对称型和复合对称型。\npre_knowledge:\n病毒核心\n病毒衣壳\n核衣壳\n病毒核酸\n蛋白质外壳\n对称型"
    },
    {
        "query": "病毒的辅助结构？",
        "response": "answer: 病毒的辅助结构包括病毒包膜和其他辅助结构，如腺病毒的触须样纤维。\npre_knowledge:\n1. 病毒包膜\n2. 病毒包膜的功能\n3. 腺病毒的纤维刺突\n4. 病毒的化学组成\n5. 病毒的基本结构"
    },
    {
        "query": "根据壳粒的排列方式，病毒结构可以分为哪几种对称型？",
        "response": "answer: 病毒结构根据壳粒的排列方式，可以分为螺旋对称型、二十面体对称型和复合对称型。\npre_knowledge:\n病毒衣壳\n壳粒\n螺旋对称型\n二十面体对称型\n复合对称型"
    },
    {
        "query": "病毒的化学成分？",
        "response": "answer: 病毒的基本化学组成是核酸和蛋白质，有些病毒还含有脂类和糖类。病毒的核酸可以是DNA或RNA，且一种病毒只含有一种类型的核酸。\npre_knowledge:\n病毒的化学组成\n病毒核酸\nDNA病毒\nRNA病毒\n脂类\n糖类"
    },
    {
        "query": "包膜的主要功能？",
        "response": "answer: 包膜的主要功能包括维护病毒体结构的完整性，与宿主细胞膜亲和及融合，以及作为病毒抗原展示在病毒表面。\npre_knowledge:\n病毒包膜\n宿主细胞膜\n抗原性"
    },
    {
        "query": "病毒的结构？",
        "response": "answer: 病毒的基本结构包括病毒核心和病毒衣壳，这两部分构成核衣壳。有些病毒还有包膜，包膜上有蛋白质刺突。病毒核心主要由核酸（DNA或RNA）和可能的非结构蛋白组成，而病毒衣壳则是由壳粒按一定方式排列的蛋白质外壳。\npre_knowledge:\n病毒核心\n病毒衣壳\n包膜\n核酸\n蛋白质壳粒"
    },
    {
        "query": "病毒核酸的主要功能？",
        "response": "answer: 病毒核酸的主要功能包括作为病毒复制的模板、决定病毒的特性以及在某些情况下具有感染性。\npre_knowledge:\n病毒核酸\n病毒复制\n遗传信息\n病毒特性\n基因组\n病毒感染\n基因突变\n核酸稳定性\n病毒结构\n病毒蛋白质\n病毒包膜\n病毒抗原性"
    },
    {
        "query": "病毒的增殖过程？",
        "response": "answer: 病毒的增殖过程包括吸附、穿入、脱壳、生物合成、装配与释放这五个阶段。首先，病毒通过吸附蛋白与宿主细胞的特异性受体结合，然后进入细胞内部。接着是脱壳，病毒核酸在细胞内释放。之后，病毒利用宿主细胞的资源进行生物合成，即合成子代病毒的核酸和蛋白质。在装配阶段，这些成分会组装成完整的病毒颗粒。最后，新生成的病毒通过溶细胞性释放或出芽方式从宿主细胞中释放出来。\npre_knowledge:\n1. 病毒复制周期\n2. 吸附蛋白\n3. 病毒受体\n4. 宿主细胞\n5. 生物合成\n6. 装配与释放"
    },
    {
        "query": "亚病毒的分类？",
        "response": "answer: 亚病毒包括四类：类病毒、卫星病毒、卫星RNA和朊病毒。\npre_knowledge:\n亚病毒\n类病毒\n卫星病毒\n卫星RNA\n朊病毒"
    },
    {
        "query": "温和噬菌体的溶源状态？",
        "response": "answer: 温和噬菌体的溶源状态是指它们的核酸以前噬菌体的形式整合到细菌染色体DNA中，不增殖也不裂解细菌，而是随着细菌的分裂传递到子代细胞中。\npre_knowledge:\n溶源状态\n温和噬菌体\n前噬菌体\n溶源性细菌"
    },
    {
        "query": "微生物在环境保护中的应用有什么？",
        "response": "answer: 微生物在环境保护中的应用主要包括污水、废气、固体废弃物的处理与控制，例如在污水处理中，微生物通过降解和转化作用去除有害物质。此外，微生物还参与土壤的净化，如降解农药、转化重金属，以及提高土壤肥力。\npre_knowledge:\n微生物降解\n生物地球化学循环\n污水处理技术\n微生物生态学\n环境污染物分类\n固氮菌\n微生物在物质循环中的作用\n微生物在工农业生产中的应用"
    },
    {
        "query": "微生物与未来科技有什么？",
        "response": "answer: 微生物在未来的科技发展中起到重要作用，包括基因工程药物的生产、环保工业的革命、微生物资源的开发利用等。微生物技术与现代生物技术的结合，如DNA芯片和生物计算机的研发，将推动生命科学的进步。\npre_knowledge:\n微生物基因组\n微生物生态学\n微生物多样性\n微生物技术\n基因工程\n细胞工程\n蛋白质工程\n微生物工业\n医药微生物\n生物计算机\nDNA芯片"
    },
    {
        "query": "什么是微生物的分类鉴定？",
        "response": "answer: 微生物的分类鉴定是通过一系列指标和方法确定微生物种类的过程，包括形态学、生理学、生化特征以及现代的分子生物学方法，如16S rRNA或18S rRNA序列分析、G+C的摩尔分数、DNA-DNA杂交等。\npre_knowledge:\n微生物分类学\n经典鉴定指标\n现代分类鉴定方法\n16S rRNA\n18S rRNA\nDNA-DNA杂交\n多相分类方法\n微生物种、菌株概念\n微生物学名命名规则"
    },
    {
        "query": "微生物进化指征是如何选择的？",
        "response": "answer: 微生物进化指征的选择主要是基于分子生物学的特征，尤其是16S rRNA(对于原核生物)或18S rRNA(对于真核生物)的序列比较。这些分子被认为是衡量生物进化理想的“分子尺”，因为它们在进化过程中保持了一定的保守性，同时也能展示出足够的变异来区分不同的物种和揭示它们的亲缘关系。\npre_knowledge:\n1. 分子生物学\n2. 16S rRNA\n3. 18S rRNA\n4. 生物进化论\n5. 系统发育关系"
    }
]