[
    {
        "query": "通过恒化连续培养控制微生物的生长",
        "response": "answer: 恒化连续培养是通过控制恒定的流速，使培养室中营养物浓度基本恒定，从而使微生物保持恒定生长速率的一种培养方法。在恒化连续培养中，通过自动控制系统控制限制性营养物（如氨、氨基酸、葡萄糖等）的流速，来维持细菌的恒定生长速率，这样可以得到不同生长速率的培养物，常用于微生物学研究。\npre_knowledge:\n恒化连续培养\n微生物生长速率\n营养物浓度对生长的影响\n限制性营养物质\n恒浊连续培养"
    },
    {
        "query": "如何在工业发酵过程中优化微生物的生长和代谢产物的产量？",
        "response": "answer: 通过生物化学调控措施，如调整发酵过程中的pH值、溶氧水平和营养物质浓度，可以优化微生物的生长和代谢产物的产量。添加前体物可以解除微生物代谢途径中的反馈抑制，提高产物产量。同时，改变菌种的遗传特性，如通过基因工程改造微生物的代谢途径，也能提高产量。此外，控制发酵工艺，如采用连续培养，可以维持微生物的对数期生长，提高发酵效率。\npre_knowledge:\n1. 微生物代谢调控\n2. 前体物添加\n3. 菌种遗传特性改变\n4. 发酵工艺控制\n5. 连续培养"
    },
    {
        "query": "在土壤微生物生态系统中，如何通过调控环境因素和微生物互作来改善农作物的生长？",
        "response": "answer: 通过调控环境因素和微生物互作来改善农作物生长的方法主要包括：\n1. 合理施用有机肥料，增加土壤有机质和营养元素，促进有益微生物的生长，如固氮菌和磷溶解细菌，以提高作物对养分的吸收。\n2. 选择和引入有益微生物，如根际微生物，这些微生物可以分泌生长刺激物质、抗生素类物质，改善植物营养条件，抑制病原菌的生长。\n3. 调整土壤的理化性质，如酸碱度、湿度和透气性，以利于微生物的生长和作物根系的发育。\n4. 使用微生物肥料，如固氮菌和根瘤菌，以生物固氮的方式提供植物所需的氮素养料。\n5. 控制农田的灌溉和排水，保持适宜的湿度，既满足作物需求，又有利于有益微生物的活动。\n\npre_knowledge:\n1. 土壤微生物的种类和作用\n2. 根际微生物与植物的关系\n3. 有机肥料对土壤微生物的影响\n4. 微生物肥料的种类和功能\n5. 土壤理化性质对微生物生长的影响"
    },
    {
        "query": "如何通过调控微生物遗传变异和环境因素来提高工业酶的产量？",
        "response": "answer: 通过调控微生物的遗传变异，如选育营养缺陷型或渗漏缺陷突变株，以及改变环境因素，如调整pH值、溶氧水平和营养物质浓度，可以提高工业酶的产量。添加前体物质可以解除反馈抑制，增加酶的合成，而通过基因工程改造微生物可以解除原有的代谢调控，使目的产物过量积累。\npre_knowledge:\n微生物代谢调控\n遗传变异\n环境因素影响\n菌种遗传特性改变\n酶合成调节\n反馈抑制\n营养缺陷型菌株\n基因工程"
    },
    {
        "query": "如何通过调控微生物的夸克效应和藻蓝蛋白合成途径来提高光生物反应器的效率？",
        "response": "answer: 通过调控微生物的夸克效应，可以改变细胞膜的通透性，使得细胞内的代谢产物能够更有效地运输到细胞外，从而提高光生物反应器的效率。此外，可以通过改造藻蓝蛋白的合成途径，增强其光捕获和光能转化能力，也能提升反应器的效率。\npre_knowledge:\n细胞膜渗透性调控\n代谢途径改造\n微生物自我调控机制"
    },
    {
        "query": "如何通过调控微生物的激素模拟物和异化固氮途径来增强植物根际的养分吸收？",
        "response": "answer: 通过调控微生物的激素模拟物，可以刺激植物生长和养分吸收。例如，根际微生物分泌的植物生长素、维生素和氨基酸等物质，能够促进植物的营养吸收和代谢。此外，可以通过引入固氮微生物，如固氮螺菌属，来增强植物对氮素的获取。异化固氮途径的激活也能帮助植物直接利用空气中的氮气。为了增强这个过程，可以在土壤中施用固氮菌肥，以增加根际固氮菌的数量和活性。\npre_knowledge:\n植物根际微生物\n固氮微生物\n激素模拟物\n异化固氮途径\n微生物肥料"
    },
    {
        "query": "如何通过调控微生物的质粒稳定性和聚β-羟基丁酸（PHB）合成途径来优化生物塑料的生产？",
        "response": "answer: 通过优化微生物的质粒稳定性，可以确保编码PHB合成途径的基因在宿主细胞中稳定表达，从而提高PHB的生产效率。此外，可以通过遗传工程手段改造微生物的代谢途径，例如增强PHB合成酶的活性或者削弱其他竞争性代谢途径，以增加PHB的积累。另外，调控细胞膜的渗透性可以促进PHB的分泌，减少其在细胞内的积累，进一步提高产量。在发酵过程中，调整培养基的pH值、营养成分以及添加适当的诱导物，也能影响微生物的代谢流向，有利于PHB的合成。\npre_knowledge:\n微生物塑料\n聚-β-羟基丁酸(PHB)\n细胞膜渗透性调控\n代谢途径调节\n反馈阻遏\n微生物发酵生产"
    },
    {
        "query": "环境因素对微生物生长的影响有哪些？",
        "response": "answer: 环境因素对微生物生长的影响主要包括温度、营养物质浓度、pH值、渗透压、氧气和氧化还原电位等。微生物的生长需要适宜的温度，过高或过低都会抑制或杀死微生物。营养物质的浓度既要充足，又要避免过高导致抑制或毒性效应。pH值对微生物的生长至关重要，不同微生物有不同的最适pH范围。渗透压的平衡对于维持细胞的正常结构和功能很重要。氧气的存在与否以及浓度也会影响微生物的呼吸和代谢。此外，一些抗生素和化学物质可以通过影响微生物的生理过程来防止其生长或繁殖。\npre_knowledge:\n微生物生长的最适温度\n营养物质对微生物生长的影响\npH值对微生物生长的作用\n渗透压的概念\n微生物的氧气需求\n消毒与防腐的原理"
    },
    {
        "query": "微生物的突变如何影响其遗传变异？",
        "response": "answer: 微生物的突变对其遗传变异的影响主要体现在遗传物质的改变，这些改变可以是基因突变，也可能涉及染色体的结构或数量变化。基因突变导致微生物的遗传信息发生变化，可能产生新的性状，如抗药性、形态变化或代谢产物产量的增加或减少。这些变化可以通过选择性培养基被筛选出来，用于微生物育种或研究。突变的频率虽然较低，但在微生物中相对较常见，有助于微生物群体的自然选择和进化。\npre_knowledge:\n微生物遗传变异\n基因突变\n染色体畸变\n微生物育种\n选择性突变\n非选择性突变"
    },
    {
        "query": "微生物在自然界物质循环中的作用是什么？",
        "response": "answer: 微生物在自然界物质循环中发挥着至关重要的作用，主要体现在三个方面：首先，它们作为生物食物链的初级生产者，比如固氮蓝细菌和地衣，能够积累氮素和有机物质，为植物生存创造条件；其次，微生物是有机物质的降解者，异养细菌和真菌通过不同代谢途径分解动植物残体和分泌物等有机物，转化为无机质；最后，微生物是地球上物质和能量的保存者，参与地质大循环，如将沉入海底的物质转化为石油、煤等。微生物的这些活动保证了物质循环的持续进行，维持了生态平衡。\npre_knowledge:\n1. 生物地球化学循环\n2. 有机物质分解\n3. 地球生态系统"
    },
    {
        "query": "微生物的基因重组有哪几种方式？",
        "response": "answer: 原核微生物的基因重组方式主要包括转化、转导、接合和原生质体融合。转化是受体菌直接吸收DNA片段并整合到基因组中，转导是通过缺陷噬菌体传递DNA片段，接合是通过性菌毛转移DNA，原生质体融合是两个原生质体直接接触融合。这些方式在DNA转移的方向性、数量和媒介上有区别。\npre_knowledge:\n- 转化\n- 转导\n- 接合\n- 原生质体融合\n- 基因重组\n- 原核微生物\n- 真核微生物\n- DNA分子\n- 噬菌体\n- 性菌毛\n- 细胞融合\n- 遗传重组\n- 基因工程"
    },
    {
        "query": "什么是质粒？",
        "response": "answer: 质粒是存在于细菌染色体外，能自主复制的细胞质遗传因子，通常是小型共价闭合环状DNA分子，携带一些特殊功能的基因，如抗药性、固氮等。\npre_knowledge:\n原核生物\n染色体\nDNA\ncccDNA\n细胞质遗传因子\n基因重组\n复制控制\n抗生素抗性基因\n遗传工程"
    },
    {
        "query": "微生物的基因突变有哪些类型？",
        "response": "answer: 微生物的基因突变类型包括形态突变、生化突变、营养缺陷突变、抗性突变、条件致死突变和产量突变等。\npre_knowledge:\n微生物突变\n基因突变\n点突变\n染色体畸变\n选择性突变\n非选择性突变\n形态突变型\n生化突变型\n营养缺陷型\n抗性突变型\n条件致死突变型\n产量突变型"
    },
    {
        "query": "延迟期的特征是什么？",
        "response": "answer: 延迟期的特征是细菌细胞分裂迟缓，代谢活跃，细胞体积增长较快，特别是长轴，细胞中RNA含量增高，细胞质嗜碱性加强，对不良环境条件较敏感，容易产生诱导酶。\npre_knowledge:\n微生物生长曲线\n延迟期\n对数期\n细胞分裂\n代谢活性\n代时"
    },
    {
        "query": "硝化作用的生态意义是什么？",
        "response": "answer: 硝化作用的生态意义在于，它将氨转化为硝酸盐，这个过程产生的硝酸盐可以被植物吸收作为营养，从而促进植物生长。同时，这个过程有助于维持水体和土壤中的氮素循环，保持生态系统的平衡。\npre_knowledge:\n氨化作用\n硝化细菌\n亚硝酸盐\n硝酸盐\n植物营养\n氮循环"
    },
    {
        "query": "微生物在碳素循环中的作用是什么？",
        "response": "answer: 微生物在碳素循环中主要通过光合作用和化学能合成作用将大气中的CO₂转化为有机物，同时在有机物分解过程中释放CO₂回大气中，参与碳的固定和再生过程。\npre_knowledge:\n碳素循环\n微生物光合作用\n化学能合成作用\n有机物分解"
    },
    {
        "query": "微生物的生长曲线包括哪些阶段？",
        "response": "answer: 微生物的生长曲线包括延迟期、对数期、稳定期和衰亡期。\npre_knowledge:\n微生物的生长与繁殖\n细胞分裂\n代谢途径\n生长速率常数\n代时"
    },
    {
        "query": "微生物的生长速率如何测定？",
        "response": "answer: 测定微生物生长速率的方法包括测定固体培养基上菌丝的长度变化、菌落直径的增加量、菌丝体向前延伸的距离以及在显微镜下测定单个菌丝的伸长长度。\npre_knowledge:\n微生物生长曲线\n固体培养基\n菌落计数法\n微生物个体生长\n群体生长\n细胞内容物的量\n丝状微生物菌丝长度的测定"
    },
    {
        "query": "微生物的遗传物质主要有哪些形式？",
        "response": "answer: 微生物的遗传物质主要以DNA和RNA的形式存在，其中DNA通常是主要的遗传物质。在细胞中，DNA可以存在于染色体和染色体外的质粒中。\npre_knowledge:\n- DNA\n- RNA\n- 染色体\n- 质粒"
    },
    {
        "query": "微生物在氮循环中的作用是什么？",
        "response": "answer: 微生物在氮循环中起到关键作用，主要体现在生物固氮这一环节。生物固氮是指某些微生物能够将大气中的分子态氮（N₂）转化为氨（NH₃），这一过程对于生物可利用的氮素至关重要，因为大多数生物无法直接利用大气中的氮气。大约85%的全球固氮量是由生物固氮完成的，其中60%是由陆生固氮微生物完成，40%由海洋固氮微生物完成。通过固氮，微生物为地球上的植物和其他生物提供了必要的氮素营养，促进了生物圈内的氮循环。\npre_knowledge:\n- 氮循环\n- 生物固氮\n- 分子态氮\n- 氨\n- 固氮微生物"
    },
    {
        "query": "根际微生物对植物的生长有何影响？",
        "response": "answer: 根际微生物对植物生长有多种影响，包括改善植物的营养条件，分泌植物生长刺激物质，分泌抗生素类物质以抵抗病原菌，以及可能对植物产生竞争性影响和分泌抑制物质。它们可以通过分解有机物质来释放营养元素，如固氮菌能为植物提供氮素养料，同时分泌的维生素和生长素可以促进植物生长。此外，某些微生物还能产生抗生素，帮助植物抵抗病害。\npre_knowledge:\n根际\n微生物代谢\n植物生长刺激物质\n固氮菌\n抗生素"
    },
    {
        "query": "微生物在食品保存中的作用是什么？",
        "response": "answer: 微生物在食品保存中的作用主要体现在抑制有害微生物的生长、促进有益微生物的发酵过程和改善食品的风味和质地。通过低温保藏，如冷藏和冷冻，可以降低微生物的代谢活力，阻止或延缓其生长，从而延长食品的保质期。此外，干燥和盐渍等方法通过降低水分活度和提高渗透压，可以防止微生物的增殖，减少食品腐败。在发酵食品中，如酸奶和泡菜，乳酸菌等有益微生物的活动会产生乳酸，降低环境pH，抑制其他有害微生物，同时增加食品的营养价值和口感。微生物还可以通过烟熏、腌制等方式改变食品的化学成分，增强防腐效果。\n\npre_knowledge:\n1. 低温保藏：抑制微生物生长\n2. 干燥保藏：降低水分活度\n3. 盐渍保藏：提高渗透压\n4. 发酵保藏：乳酸菌发酵\n5. 风味改善：微生物代谢产物\n6. 食品腐败：微生物导致的食品变质"
    },
    {
        "query": "微生物的同步培养技术是什么？",
        "response": "answer: 微生物同步培养技术是一种通过特定方法使培养的微生物群体中所有细胞处于同一生长阶段，从而实现同步生长和分裂的技术。这样可以便于研究单个细胞的生理和遗传特性。\npre_knowledge:\n微生物生长阶段\n同步培养法\n细胞分裂"
    },
    {
        "query": "土壤微生物对植物生长的作用是什么？",
        "response": "answer: 土壤微生物对植物生长的作用主要体现在以下几个方面：首先，它们通过分解土壤中的有机物质，释放出植物生长所需的营养元素，如氮、磷、钾等；其次，微生物可以产生植物生长刺激物质，如维生素和植物生长素，促进植物的生长发育；此外，一些根际微生物能固氮，为植物提供氮素养料；同时，它们还能分泌抗生素类物质，抑制植物病原菌的生长，增强植物的抗病性。然而，过度的微生物活动也可能与植物竞争营养，或者分泌有害物质抑制植物生长。\n\npre_knowledge:\n1. 根际微生物\n2. 植物生长刺激物质\n3. 固氮作用\n4. 抗生素类物质\n5. 土壤微生物与植物的互生关系"
    },
    {
        "query": "基因重组对微生物有何影响？",
        "response": "answer: 基因重组对微生物的影响主要体现在产生遗传变异，这使得微生物能够形成新的遗传型个体，有助于种群的适应性和多样性。通过基因重组，微生物可以获取新的性状，比如抗药性或者提高代谢产物的产量，这对于微生物的进化和人工育种具有重要意义。\npre_knowledge:\n基因重组\n遗传变异\n微生物育种\n转化\n转导\n接合\n原生质体融合"
    },
    {
        "query": "什么是原核微生物？",
        "response": "answer: 原核微生物是一类细胞中没有核膜包裹的细胞核，只存在核区的单细胞或多细胞生物，包括细菌、放线菌、蓝细菌、支原体、立克次氏体和衣原体等。它们在自然界中分布广泛，种类繁多，对物质循环和生态系统有重要作用。\npre_knowledge:\n原核生物\n真核生物\n非细胞微生物\n细胞核\n核膜\nDNA\n原核生物域\n真细菌\n古生菌\n革兰氏染色法\n细胞壁\n肽聚糖\n内含子\n细胞器\n有丝分裂\n原核生物分类\n细胞多样性和代谢功能多样性\n生物多样性\n微生物在自然界的作用\n原核微生物的适应环境能力\n原核微生物的繁殖方式\n微生物分类系统\n微生物的种和菌株\n微生物的命名规则\n微生物的营养需求\n微生物的生长繁殖速度\n微生物的“食谱”和营养要素\n微生物的分类单位\n微生物的分类依据\n微生物的分类系统历史\n微生物的命名和分类规则\n微生物的五界系统和六界系统\n病毒界\n原核生物界\n真核生物界\n原生生物界\n动物界\n植物界"
    },
    {
        "query": "细菌的形态有哪些？",
        "response": "answer: 细菌的基本形态包括球菌、杆菌和螺旋菌。除此之外，还有其他形态，如柄杆菌、丝状细菌、星形细菌、方形细菌、放线菌和黏细菌等。细菌的形态受环境条件影响，不同的生长阶段可能有不同的形态表现。\npre_knowledge:\n细胞壁\n细胞膜\n革兰氏染色\n细菌的繁殖方式（裂殖、芽殖）\n菌落形态\n原核微生物\n支原体\n古生菌\n细菌的群体形态（菌落、菌苔）"
    },
    {
        "query": "细菌的细胞结构有哪些？",
        "response": "answer: 细菌的细胞结构包括基本结构和特殊结构。基本结构包括细胞壁、细胞膜、细胞质和核区。特殊结构包括鞭毛、菌毛、糖被（如荚膜、微荚膜和黏液层）、芽孢等。\npre_knowledge:\n细胞壁\n细胞膜\n细胞质\n核区\n鞭毛\n菌毛\n糖被\n芽孢"
    },
    {
        "query": "细菌细胞壁有哪些种类？",
        "response": "answer: 细菌细胞壁主要分为革兰氏阳性细菌细胞壁和革兰氏阴性细菌细胞壁。革兰氏阳性细菌细胞壁较厚，主要由肽聚糖和磷壁酸组成；革兰氏阴性细菌细胞壁较薄，含有肽聚糖、脂多糖层、类脂质和蛋白质等成分。\npre_knowledge:\n- 细菌细胞壁构造\n- 革兰氏染色法\n- 革兰氏阳性细菌\n- 革兰氏阴性细菌\n- 肽聚糖\n- 磷壁酸\n- 类脂质\n- 蛋白质"
    },
    {
        "query": "细菌细胞壁的功能是什么？",
        "response": "answer: 细菌细胞壁的主要功能包括固定细胞外形，提高机械强度以抵抗渗透压等外力，参与细胞的生长、分裂和鞭毛运动，阻止大分子物质进入细胞以保护细胞，以及赋予细菌特定的抗原性、致病性和对抗生素的敏感性。\npre_knowledge:\n细胞壁结构\n肽聚糖\n革兰氏染色法\n细胞的生理功能\n抗生素的作用机制"
    },
    {
        "query": "细胞膜结构是什么样的？",
        "response": "answer: 细胞膜是由两层磷脂分子形成的双分子层结构，其中包含蛋白质、糖类，并且具有流动性。蛋白质分子有的嵌入脂质双分子层中，有的附着在表面，执行各种生理功能。\npre_knowledge:\n磷脂\n蛋白质\n糖类\n液态镶嵌模型\n细胞膜的生理功能"
    },
    {
        "query": "细胞膜的生理功能有哪些？",
        "response": "answer: 细胞膜的生理功能包括：①选择性地控制细胞内外的物质运送与交换；②维持细胞内正常渗透压；③合成细胞壁成分和大分子；④作为产能基地进行氧化磷酸化或光合磷酸化；⑤作为多种酶和电子传递链的所在部位；⑥作为鞭毛着生点并提供能量；⑦在原核微生物中，细胞膜有时还承担增强机械强度的作用，如支原体的细胞膜含甾醇以增强坚韧性。\npre_knowledge:\n细胞膜结构\n液态镶嵌模型\n细胞膜的化学成分（磷脂、蛋白质、糖类）\n细胞膜的双分子层结构\n细胞膜的通透性调控\n细胞壁的功能（非细胞膜但与细胞膜功能相关）"
    },
    {
        "query": "细胞质的主要成分是什么？",
        "response": "answer: 细胞质的主要成分包括核糖体、储藏物、多种酶类、中间代谢物、质粒、气泡和大分子的单体，还含有水、蛋白质、类脂质、核糖核酸和少量无机盐。\npre_knowledge:\n细胞质\n核糖体\n储藏物\n酶类\n质粒\n细胞膜\n水\n蛋白质\n类脂质\n核糖核酸\n无机盐"
    },
    {
        "query": "质粒按相对分子质量如何分类？",
        "response": "answer: 质粒根据相对分子质量的大小可以分为两类：一类是相对分子质量为40×10⁶以上的质粒，另一类是相对分子质量为10×10⁶以下的质粒。\npre_knowledge:\n细菌质粒\n相对分子质量\n质粒分类"
    },
    {
        "query": "质粒按复制性质如何进行分类？",
        "response": "answer: 根据复制性质，质粒可以分为两类：严紧型质粒和松弛型质粒。严紧型质粒在细胞染色体复制一次时也复制一次，每个细胞内通常只含1～2个质粒；而松弛型质粒在染色体复制停止后还能继续复制，每个细胞内一般有20个左右。\npre_knowledge:\n1. 质粒\n2. 严紧型质粒\n3. 松弛型质粒\n4. 细菌染色体复制"
    },
    {
        "query": "质粒按照功能如何进行分类？",
        "response": "answer: 质粒按照功能可以分为致育因子(F因子)、抗药性质粒、大肠杆菌素质粒(Col因子)、金属离子抗性质粒、辐射抗性质粒和分解性质粒等。\npre_knowledge:\n- 质粒\n- 细菌的有性接合\n- 抗生素抗性\n- 大肠杆菌素\n- 金属离子抗性\n- 紫外线和X射线抗性\n- 分解有机物质的能力"
    },
    {
        "query": "糖被的功能是什么？",
        "response": "answer: 糖被的主要功能包括保护细菌免受环境伤害，如防止干燥、化学药物和重金属离子的毒害，抵抗噬菌体和其他物质的侵害，避免吞噬细胞的吞噬；储存养料以供营养缺乏时使用；排出代谢废物；作为病原菌的表面抗原和黏附因子，参与致病过程；以及在细菌间进行信息识别和表面附着作用。\npre_knowledge:\n- 细胞壁保护\n- 磷壁酸和脂多糖\n- 糖被的结构\n- 病原菌的毒力因子\n- 表面抗原\n- 黏附因子\n- 细菌的信息识别\n- 表面附着作用"
    },
    {
        "query": "芽孢形成的阶段有哪些？",
        "response": "answer: 芽孢形成的阶段包括：①DNA浓缩，束状染色质形成；②细胞膜内陷，细胞发生不对称分裂，形成前芽孢；③前芽孢双层隔膜形成，增强抗辐射性；④芽孢肽聚糖填充，合成DPA，累积钙离子，形成皮层；⑤芽孢衣合成结束；⑥皮层合成完成，芽孢成熟，出现抗热性；⑦芽孢囊裂解，芽孢游离。\npre_knowledge:\n芽孢的抗逆性\n芽孢的构造\n细菌的分类和鉴定\n芽孢的萌发\n芽孢的耐热机制"
    },
    {
        "query": "芽孢的核心是什么？",
        "response": "answer: 芽孢的核心是芽孢原生质体，由芽孢壁、芽孢质膜、芽孢质和核区四部分组成。\npre_knowledge:\n芽孢\n芽孢原生质体\n细菌细胞结构"
    },
    {
        "query": "什么是伴孢晶体？",
        "response": "answer: 伴孢晶体是少数芽孢杆菌在形成芽孢时，伴随产生的碱溶性蛋白晶体，具有毒性，对某些昆虫幼虫有毒杀作用。例如，苏云金芽孢杆菌的伴孢晶体对鳞翅目昆虫有毒，因此常用于生物农药的制作。\npre_knowledge:\n芽孢杆菌\n苏云金芽孢杆菌\n生物农药Bt"
    },
    {
        "query": "产芽孢的细菌有哪些？",
        "response": "answer: 产芽孢的细菌主要包括芽孢杆菌属(Bacillus)、梭状芽孢杆菌属(Clostridium)、芽孢乳酸菌属(Sporolactobacillus)等。此外，还有芽孢八叠球菌属(Sporosarcina)、孢螺菌属(Sporospirillum)、脱硫肠状菌属(Desulfotomaculum)、考克斯氏体属(Coxiella)、鼠孢菌属(Sporomusa)和高温放线菌属(Thermoactinomyces)等。\npre_knowledge:\n1. 芽孢是细菌的一种休眠结构，具有高抗逆性。\n2. 芽孢杆菌属和梭菌属是主要的产芽孢革兰氏阳性杆菌属。\n3. 芽孢的存在是细菌分类和鉴定的重要指标。"
    },
    {
        "query": "什么是细菌的裂殖？",
        "response": "answer: 细菌的裂殖是指一个细胞通过分裂成两个细胞的过程，大多数细菌采用这种方式进行无性繁殖。在分裂过程中，细胞首先复制其DNA，随后细胞膜和细胞壁在中间形成一个隔膜，最终隔膜闭合，细胞质分配，形成两个独立的子细胞。这种分裂方式在适宜的环境下，细菌数量可以迅速增加。\npre_knowledge:\n1. 细菌的无性繁殖\n2. 细胞分裂\n3. DNA复制"
    },
    {
        "query": "什么是菌落？",
        "response": "answer: 菌落是指单个细菌细胞或少量同种细菌在适宜的固体培养基表面或内部生长繁殖，形成以母细胞为中心的、肉眼可见的、具有一定形态和构造特征的子细胞集团。\npre_knowledge:\n1. 固体培养基\n2. 细菌生长发育\n3. 菌落特征\n4. 菌种识别\n5. 鉴定指标"
    },
    {
        "query": "放线菌的形态结构是什么？",
        "response": "answer: 放线菌是一类具有分枝状菌丝体的原核微生物，形态上主要包括基内菌丝、气生菌丝和孢子丝。基内菌丝负责吸收营养，气生菌丝则在空气中生长，部分会分化形成孢子丝，进而产生孢子进行繁殖。孢子的形态各异，可以通过光学显微镜或电子显微镜观察其表面结构，这些特征在菌种鉴定中很重要。放线菌的菌落通常呈圆形，有的质地致密，有的较为松散，颜色也因种类不同而异。\npre_knowledge:\n原核生物\n菌丝\n孢子丝\n基内菌丝\n气生菌丝\n孢子"
    },
    {
        "query": "放线菌的菌落特点是什么样的？",
        "response": "answer: 放线菌的菌落由菌丝体组成，一般表现为圆形、光平或有许多皱褶。在光学显微镜下，菌落周围有辐射状菌丝。放线菌的菌落可以分为两类：一类是产生大量分枝和气生菌丝的菌种形成的菌落，例如链霉菌，其菌落质地致密、表面多皱，可能带有不同颜色；另一类是由不产生大量菌丝体的种类形成的菌落，如诺卡氏放线菌，菌落黏着力差，结构呈粉性，易粉碎。\npre_knowledge:\n1. 放线菌的菌落特征\n2. 链霉菌的菌落特点\n3. 诺卡氏放线菌的菌落特点"
    },
    {
        "query": "酵母菌的细胞结构是什么样的？",
        "response": "answer: 酵母菌的细胞结构包括细胞壁、细胞膜、细胞核、细胞质、液泡、线粒体、内质网、核糖体、微体、高尔基体、内含物等。细胞壁常含甘露聚糖，细胞膜主要由蛋白质、类脂和少量糖类组成，细胞核是遗传信息的储存和复制场所，细胞质中包含各种细胞器和储存物质。液泡在酵母菌中起到储存物质的作用，线粒体则是能量产生的主要场所。\npre_knowledge:\n细胞壁\n细胞膜\n细胞核\n细胞质\n液泡\n线粒体\n内质网\n核糖体\n微体\n高尔基体\n内含物\n甘露聚糖\n蛋白质\n类脂\n糖类\n遗传信息\n能量生产"
    },
    {
        "query": "什么是微生物？",
        "response": "answer: 微生物是一大群形体微小、结构简单、肉眼看不见或看不清楚的单细胞、多细胞，甚至无细胞结构的低等生物的总称，包括细菌、病毒、真菌等多种类型。\npre_knowledge:\n微生物学\n生物的基本特征\n显微镜"
    },
    {
        "query": "霉菌的细胞结构是什么？",
        "response": "answer: 霉菌的细胞结构包括细胞壁、细胞膜、细胞质和细胞核。细胞壁主要由几丁质、蛋白质和纤维素等构成，细胞膜是典型的单位膜结构，由蛋白质和磷脂组成，细胞质中含有细胞核和其他细胞器如液泡、线粒体、内质网、核糖体和膜边体等。细胞核有双层核膜，内含染色体。\npre_knowledge:\n细胞壁\n细胞膜\n细胞质\n细胞核\n几丁质\n蛋白质\n纤维素\n单位膜结构\n线粒体\n内质网\n核糖体\n膜边体"
    },
    {
        "query": "真核微生物和原核微生物细胞壁的差异",
        "response": "answer: 真核微生物和原核微生物的细胞壁主要成分不同，原核微生物如细菌、放线菌的细胞壁主要由肽聚糖构成，而古细菌的细胞壁无真正的肽聚糖，真核微生物如酵母菌的细胞壁富含葡聚糖、甘露聚糖、蛋白质，霉菌细胞壁则可能含有纤维素或几丁质。\npre_knowledge:\n原核微生物细胞壁\n真核微生物细胞壁\n肽聚糖\n酵母菌细胞壁结构\n霉菌细胞壁结构"
    },
    {
        "query": "真核微生物和原核微生物鞭毛的差异",
        "response": "answer: 真核微生物的鞭毛结构复杂，鞭杆的横切面为“9+2”型，运动方式为挥鞭式；而原核微生物的鞭毛结构简单，主要由基体、钩形鞘和鞭毛丝三部分构成，运动方式为旋转马达式。\npre_knowledge:\n真核微生物\n原核微生物\n鞭毛结构\n运动机制"
    },
    {
        "query": "什么是病毒？",
        "response": "answer: 病毒是一类体积微小、无完整细胞结构的微生物，它们只含有一种核酸（DNA或RNA），必须在宿主细胞内寄生并以复制方式增殖。\npre_knowledge:\n病毒特点\n病毒结构\n病毒增殖过程\n病毒分类\n病毒与宿主关系\n亚病毒"
    },
    {
        "query": "病毒的主要特点?",
        "response": "answer: 病毒的主要特点包括：体积微小，一般需用电子显微镜观察；无完整细胞结构，主要由核酸和蛋白质组成，且只含有一种类型核酸（DNA或RNA）；严格活细胞内寄生，只能在特定类型的活细胞中增殖；繁殖方式为复制；对干扰素敏感，对抗生素不敏感。\npre_knowledge:\n电子显微镜\n病毒结构\n核酸类型\n细胞结构\n病毒增殖\n干扰素\n抗生素"
    },
    {
        "query": "病毒分多少个目？",
        "response": "answer: 病毒分为6个目。\npre_knowledge:\n国际病毒分类委员会(ICTV)\n病毒分类\n病毒种类"
    },
    {
        "query": "病毒分多少各科？",
        "response": "answer: 病毒分为6个目。\npre_knowledge:\n1. 国际病毒分类委员会\n2. ICTV (International Committee on Taxonomy of Viruses)\n3. 动物病毒\n4. 植物病毒\n5. 细菌病毒(噬菌体)"
    },
    {
        "query": "病毒分多少个亚科？",
        "response": "answer: 根据2012年国际病毒分类委员会的报告，病毒分为19个亚科。\npre_knowledge:\n国际病毒分类委员会\n病毒分类\n亚科"
    },
    {
        "query": "病毒分多少个属？",
        "response": "answer: 根据2012年国际病毒分类委员会的报告，病毒分为349个属。\npre_knowledge:\n1. 国际病毒分类委员会( ICTV)\n2. 病毒分类更新\n3. 病毒属的定义"
    },
    {
        "query": "病毒分多少种",
        "response": "answer: 根据国际病毒分类委员会2012年的报告，病毒被分为6个目，87个科，19个亚科，349个属，2284个种。\npre_knowledge:\n国际病毒分类委员会\n病毒目、科、亚科、属和种的分类体系\n2012年病毒分类报告"
    },
    {
        "query": "什么是病原体？",
        "response": "answer: 病原体是指能引起人或动物发生传染病的微生物，如细菌、病毒、真菌等。\npre_knowledge:\n微生物\n传染病\n细菌\n病毒\n真菌\n致病力\n毒力\n侵袭力\n毒素\n免疫性\n免疫力"
    },
    {
        "query": "目前发现的最大病毒是什么？",
        "response": "answer: 目前发现的最大病毒是潘多拉病毒(Pandoravirus)。\npre_knowledge:\n- 病毒体(virion)\n- 病毒大小\n- 潘多拉病毒(Pandoravirus)\n- 病毒分类\n- DNA基因组"
    },
    {
        "query": "目前发现的最小病毒是什么？",
        "response": "answer: 目前发现的最小的病毒是口蹄疫病毒，大约只有10nm。\npre_knowledge:\n病毒体大小\n纳米(nanometer)\n口蹄疫病毒"
    },
    {
        "query": "常见的病毒有哪些?",
        "response": "answer: 常见的病毒包括动物病毒，如流感病毒、病毒性肝炎病毒、艾滋病病毒、狂犬病病毒、脊髓灰质炎病毒，以及植物病毒，如烟草花叶病毒。此外，还有专门感染细菌的噬菌体，如T4噬菌体。这些病毒在各自的领域中会引起各种疾病，有些具有高度传染性和致命性。\npre_knowledge:\n病毒分类\n动物病毒\n植物病毒\n噬菌体\n病毒性疾病的例子"
    },
    {
        "query": "病毒的形态有哪些种?",
        "response": "answer: 病毒的形态主要有球形或近似球形、杆状或丝状、砖形、子弹形、蝌蚪形等。\npre_knowledge:\n病毒形态\n电子显微镜\n病毒分类"
    },
    {
        "query": "病毒核酸的功能",
        "response": "answer: 病毒核酸是病毒的遗传物质，主要功能包括：作为病毒复制的模板，指导合成病毒的蛋白质；决定病毒的特性，如病毒的形态结构、致病性和抗原性；部分病毒的核酸具有直接的感染性，即使在没有蛋白质衣壳的情况下也能感染宿主细胞。\n\npre_knowledge:\n1. 病毒核酸类型：DNA和RNA\n2. 病毒核酸功能：复制、决定病毒特性、感染性\n3. 病毒核酸结构：双链或单链，有些与蛋白质共价结合\n4. 病毒复制过程：核酸复制、mRNA转录、蛋白质合成\n5. 病毒变异：核酸碱基置换或移码突变导致病毒性状改变"
    },
    {
        "query": "病毒的正常增殖过程？",
        "response": null
    },
    {
        "query": "什么是昆虫病毒   ？",
        "response": "answer: 昆虫病毒是指以昆虫为宿主并在宿主种群中传播的一类病毒，它们与昆虫宿主之间建立了平衡关系，一般对昆虫不致病，但某些特定类型的昆虫病毒会对昆虫造成致病性和死亡。这些病毒在昆虫细胞内形成多角体，起到保护和储存病毒的作用。昆虫病毒的种类繁多，分类上属于多个科，如杆状病毒科、呼肠病毒科等，被广泛应用于害虫的生物防治，以保护有益昆虫和杀灭农林害虫。\npre_knowledge:\n1. 宿主特异性\n2. 多角体\n3. 杆状病毒科\n4. 呼肠病毒科\n5. 生物防治"
    },
    {
        "query": "昆虫病毒在形态结构上的突出特点是什么？",
        "response": "answer: 昆虫病毒在形态结构上的突出特点是在宿主细胞内形成多角体，这是一种由大量多角体蛋白聚集成的直径几微米的蛋白结晶包含体，能够保护病毒免受不良环境影响。多角体内的病毒只有从多角体中释放出来后，才具有侵染宿主细胞的能力。\npre_knowledge:\n1. 昆虫病毒\n2. 多角体\n3. 多角体蛋白\n4. 病毒保护机制\n5. 宿主细胞"
    },
    {
        "query": "昆虫病毒的分类？",
        "response": "answer: 昆虫病毒可以根据多角体的有无、形态、生成部位等特征大致分为五类：核型多角体病毒、质型多角体病毒、颗粒体病毒、昆虫痘病毒和非包含体病毒。此外，根据最新的分类，昆虫病毒被归入7个科，包括杆状病毒科、呼肠病毒科、痘病毒科、细小病毒科、虹彩病毒科、弹状病毒科和小RNA病毒科。\npre_knowledge:\n昆虫病毒\n多角体\n病毒分类\n杆状病毒科\n呼肠病毒科\n痘病毒科\n细小病毒科\n虹彩病毒科\n弹状病毒科\n小RNA病毒科"
    },
    {
        "query": "昆虫病毒分为多少个科?",
        "response": "answer: 昆虫病毒分为7个科，分别是杆状病毒科、呼肠病毒科、痘病毒科、细小病毒科、虹彩病毒科、弹状病毒科和小RNA病毒科。\npre_knowledge:\n- 昆虫病毒\n- 杆状病毒科\n- 呼肠病毒科\n- 痘病毒科\n- 细小病毒科\n- 虹彩病毒科\n- 弹状病毒科\n- 小RNA病毒科"
    },
    {
        "query": "什么是类病毒？",
        "response": "answer: 类病毒是一类能感染植物的单链闭合环状RNA分子，不编码蛋白质，依靠宿主细胞的RNA聚合酶自我复制，引发多种植物疾病。\npre_knowledge:\n1. 类病毒是RNA分子\n2. 类病毒无病毒颗粒和抗原性\n3. 类病毒主要通过机械损伤感染植物\n4. 类病毒的复制发生在宿主细胞核中\n5. 类病毒与宿主细胞的核酸代谢干扰有关"
    },
    {
        "query": "什么是生长因子？",
        "response": "answer: 生长因子是微生物生长所必需的、需要量小但微生物自身不能或不足量合成的有机化合物，它们不提供能量，不参与细胞结构，主要作为酶的成分参与微生物代谢。不同微生物需要的生长因子种类和数量各异，有的微生物能自身合成，有的则需要从外部获取。\npre_knowledge:\n微生物代谢\n营养缺陷型微生物\n生长因子分类（维生素、氨基酸、嘌呤/嘧啶碱基）"
    },
    {
        "query": "大量元素包括？",
        "response": "answer: 大量元素包括P（磷）、S（硫）、K（钾）、Ca（钙）、Mg（镁）和Na（钠）。\npre_knowledge:\n微生物营养物质\n无机盐\n大量元素定义\n金属元素在微生物生长中的作用\n细胞结构组成\n能量转移和细胞透性调节功能"
    },
    {
        "query": "什么是发酵 ？",
        "response": "answer: 发酵是一个生物学过程，指微生物在无氧或有氧条件下，通过酶的作用将有机物质转化成其他产物，通常伴有气体产生和能量释放。在工业上，发酵被广泛用于生产酒精、酸、酶、抗生素等多种产品。\npre_knowledge:\n微生物\n酶\n有机物质"
    },
    {
        "query": "细胞膜渗透性的调控？",
        "response": "answer: 细胞膜渗透性的调控主要通过改变膜的结构和利用膜上的转运蛋白来实现。例如，可以通过限量提供生物素或添加脂肪酸类似物改变细胞膜的结构，或者在发酵培养基中添加表面活性剂或抗生素来增强通透性。此外，细胞还可以通过合成或分解特定的转运蛋白来调节物质的运输速率，如促进扩散和主动运输中的载体蛋白，这些蛋白可以改变构象来允许物质通过。\npre_knowledge:\n细胞膜的结构\n转运蛋白\n促进扩散\n主动运输\n细胞膜通透性调节机制"
    },
    {
        "query": "病毒的基本结构?",
        "response": "answer: 病毒的基本结构包括病毒的核心和衣壳，核心主要由病毒核酸（DNA或RNA）组成，衣壳则是包围核酸的蛋白质结构。\npre_knowledge:\n1. 病毒核心\n2. 病毒衣壳\n3. 核酸（DNA或RNA）\n4. 蛋白质结构"
    },
    {
        "query": "病毒的辅助结构？",
        "response": "answer: 病毒的辅助结构包括病毒包膜和其它辅助结构。病毒包膜是包绕在病毒核衣壳外面的双层膜结构，含有蛋白质、多糖和脂类，其上的突起称为包膜子粒或刺突。此外，如腺病毒的触须样纤维也是辅助结构，能凝集动物红细胞并毒害宿主细胞。\npre_knowledge:\n1. 病毒包膜\n2. 病毒包膜功能\n3. 触须样纤维\n4. 病毒辅助结构作用\n5. 病毒核心和衣壳\n6. 病毒核酸类型"
    },
    {
        "query": "根据壳粒的排列方式，病毒结构可以分为哪几种对称型？",
        "response": "answer: 根据壳粒的排列方式，病毒结构可以分为螺旋对称型、二十面体对称型和复合对称型。\npre_knowledge:\n病毒衣壳\n壳粒\n螺旋对称型\n二十面体对称型\n复合对称型"
    },
    {
        "query": "病毒的化学成分？",
        "response": "answer: 病毒的化学成分主要包括核酸和蛋白质，有些病毒还含有脂类和糖类。核酸是病毒的核心部分，分为DNA和RNA两种类型。蛋白质构成了病毒的衣壳和包膜，包膜上的糖蛋白有抗原性并且参与病毒感染。脂类主要存在于包膜病毒的包膜中，来源于宿主细胞。糖类则以寡糖侧链的形式存在于包膜糖蛋白上。\npre_knowledge:\n1. 病毒核酸分为DNA和RNA\n2. 病毒蛋白质包括衣壳蛋白和包膜蛋白\n3. 包膜病毒的脂类来自宿主细胞膜\n4. 病毒糖类以寡糖侧链形式存在"
    },
    {
        "query": "包膜的主要功能？",
        "response": "answer: 包膜的主要功能是维护病毒体结构的完整性，通过其脂质成分加固病毒结构；具有与宿主细胞膜亲和及融合的能力，从而帮助病毒入侵细胞；并且包膜上的糖蛋白或脂蛋白作为病毒的主要表面抗原，参与病毒感染宿主的过程。\npre_knowledge:\n1. 病毒包膜\n2. 脂质双分子层\n3. 病毒入侵机制\n4. 抗原性\n5. 宿主细胞膜"
    },
    {
        "query": "病毒的结构？",
        "response": "answer: 病毒的基本结构包括病毒的核心和衣壳，这两部分构成了核衣壳。核心主要由病毒核酸（DNA或RNA）组成，有时还包含一些非结构蛋白。衣壳则是包围在核酸外面的蛋白质结构，由壳粒组成。有些病毒在核衣壳外有包膜，包膜上有蛋白质刺突。有包膜的病毒称为包膜病毒，无包膜的则称为裸露病毒。\npre_knowledge:\n病毒结构\n病毒核心\n病毒衣壳\n包膜病毒\n裸露病毒"
    },
    {
        "query": "病毒核酸的主要功能？",
        "response": "answer: 病毒核酸的主要功能包括作为病毒复制的模板，决定病毒的特性，以及在部分病毒中具有感染性。\npre_knowledge:\n1. 病毒核酸自我复制\n2. 病毒核酸编码遗传信息\n3. 病毒核酸决定病毒的性状（如形态结构、致病性、抗原性）\n4. 病毒核酸的变异可能导致病毒性状变化\n5. 某些病毒的核酸可以直接引发感染"
    },
    {
        "query": "病毒的增殖过程？",
        "response": "answer: 病毒的增殖过程包括吸附、穿入、脱壳、生物合成、装配与释放五个阶段。吸附是病毒与宿主细胞表面受体结合，穿入是病毒进入细胞内，脱壳是病毒核酸释放出来，生物合成是利用宿主细胞的原料和酶系统合成病毒核酸和蛋白质，装配是将这些成分组装成完整病毒颗粒，最后释放是病毒从细胞中出来。\npre_knowledge:\n病毒复制周期\n病毒吸附\n病毒穿入\n病毒脱壳\n病毒生物合成\n病毒装配与释放"
    },
    {
        "query": "亚病毒的分类？",
        "response": "answer: 亚病毒主要包括四类：类病毒、卫星病毒、卫星RNA和朊病毒。\npre_knowledge:\n- 亚病毒\n- 类病毒\n- 卫星病毒\n- 卫星RNA\n- 朊病毒"
    },
    {
        "query": "温和噬菌体的溶源状态？",
        "response": "answer: 温和噬菌体的溶源状态是指其DNA以前噬菌体的形式整合到细菌染色体中，不进行复制也不裂解宿主菌，而是与细菌染色体一起复制，并在细菌分裂时传至子代细胞。这种状态下，细菌成为溶源性细菌，而噬菌体的基因可以影响宿主的性状，有时会导致溶源性转换。\npre_knowledge:\n1. 噬菌体\n2. 温和噬菌体\n3. 溶源性细菌\n4. 前噬菌体\n5. 溶源性转换"
    },
    {
        "query": "微生物在环境保护中的应用有什么？",
        "response": "answer: 微生物在环境保护中的应用主要包括污水和垃圾处理、污染物降解与转化、土壤改良和污染控制等方面。微生物能降解各种有机和无机污染物，如农药、污水、肥料、烃类、重金属等，参与环境的自净过程。在污水处理中，微生物通过好气性反应池、厌气性反应池等设施进行污染物的去除。此外，微生物还能固氮、解磷、解钾，改善土壤质量，促进动植物生长，并有助于分解和转化环境中的有毒物质，如某些细菌和真菌能降解农田中的化学农药和土壤中的重金属离子。\npre_knowledge:\n1. 生物降解\n2. 环境污染\n3. 微生物在物质循环中的作用\n4. 污水处理技术\n5. 土壤改良\n6. 污染物分类（可降解、难降解、不可降解）"
    },
    {
        "query": "微生物与未来科技有什么？",
        "response": "answer: 微生物在未来的科技发展中扮演重要角色，包括基因工程药物的生产、环保工业的革新、微生物在农业中的应用以及在解决环境污染问题上的潜力。微生物基因组和后基因组研究、微生物生态学、微生物多样性的研究都将得到深入发展，推动新技术和新产品的创新。\npre_knowledge:\n微生物基因组\n后基因组研究\n微生物生态学\n微生物多样性\n基因工程药物\n环保工业\n农业微生物应用\n微生物在环境污染治理中的作用"
    },
    {
        "query": "什么是微生物的分类鉴定？",
        "response": "answer: 微生物的分类鉴定是确定微生物种类的过程，包括形态学、生理学、生化学等特征的测定，并结合遗传学、分子生物学方法，如16S或18S rRNA序列分析、G+C的摩尔分数、DNA-DNA杂交等，以判断微生物的分类地位和亲缘关系。\npre_knowledge:\n微生物分类\n经典分类鉴定方法\n现代分类鉴定方法\n细胞形态与习性水平\n遗传学特征\n分子生物学特征\n多相分类方法\n微生物种、菌株概念\n微生物学名命名规则\n伯杰氏手册\nDNA指纹图谱分析\n微生物快速鉴定技术"
    },
    {
        "query": "微生物进化指征是如何选择的？",
        "response": "answer: 微生物进化指征的选择主要是基于分子生物学的特征，尤其是16S rRNA(对于原核生物)和18S rRNA(对于真核生物)的序列分析。这些分子被认为是衡量生物进化理想的“分子尺”，因为它们在进化过程中保持了一定的保守性，同时也能反映出物种间的差异。\npre_knowledge:\n16S rRNA\n18S rRNA\n分子生物学\n生物进化论"
    }
]